-- phpMyAdmin SQL Dump
-- version 5.2.0
-- https://www.phpmyadmin.net/
--
-- Host: 127.0.0.1
-- Waktu pembuatan: 28 Mar 2024 pada 08.49
-- Versi server: 10.4.24-MariaDB
-- Versi PHP: 8.1.6

SET SQL_MODE = "NO_AUTO_VALUE_ON_ZERO";
START TRANSACTION;
SET time_zone = "+00:00";


/*!40101 SET @OLD_CHARACTER_SET_CLIENT=@@CHARACTER_SET_CLIENT */;
/*!40101 SET @OLD_CHARACTER_SET_RESULTS=@@CHARACTER_SET_RESULTS */;
/*!40101 SET @OLD_COLLATION_CONNECTION=@@COLLATION_CONNECTION */;
/*!40101 SET NAMES utf8mb4 */;

--
-- Database: `selinggo_net`
--

-- --------------------------------------------------------

--
-- Struktur dari tabel `activity_logs`
--

CREATE TABLE `activity_logs` (
  `id` bigint(20) UNSIGNED NOT NULL,
  `user_id` bigint(20) UNSIGNED NOT NULL,
  `activity` varchar(255) COLLATE utf8mb4_unicode_ci NOT NULL,
  `created_at` timestamp NULL DEFAULT NULL,
  `updated_at` timestamp NULL DEFAULT NULL
) ENGINE=InnoDB DEFAULT CHARSET=utf8mb4 COLLATE=utf8mb4_unicode_ci;

-- --------------------------------------------------------

--
-- Struktur dari tabel `bulan`
--

CREATE TABLE `bulan` (
  `id` bigint(20) UNSIGNED NOT NULL,
  `bulan` varchar(20) COLLATE utf8mb4_unicode_ci NOT NULL,
  `created_at` timestamp NULL DEFAULT NULL,
  `updated_at` timestamp NULL DEFAULT NULL
) ENGINE=InnoDB DEFAULT CHARSET=utf8mb4 COLLATE=utf8mb4_unicode_ci;

--
-- Dumping data untuk tabel `bulan`
--

INSERT INTO `bulan` (`id`, `bulan`, `created_at`, `updated_at`) VALUES
(1, 'Januari', NULL, NULL),
(2, 'Februari', NULL, NULL),
(3, 'Maret', NULL, NULL),
(4, 'April', NULL, NULL),
(5, 'Mei', NULL, NULL),
(6, 'Juni', NULL, NULL),
(7, 'Juli', NULL, NULL),
(8, 'Agustus', NULL, NULL),
(9, 'September', NULL, NULL),
(10, 'Oktober', NULL, NULL),
(11, 'November', NULL, NULL),
(12, 'Desember', NULL, NULL);

-- --------------------------------------------------------

--
-- Struktur dari tabel `migrations`
--

CREATE TABLE `migrations` (
  `id` int(10) UNSIGNED NOT NULL,
  `migration` varchar(255) COLLATE utf8mb4_unicode_ci NOT NULL,
  `batch` int(11) NOT NULL
) ENGINE=InnoDB DEFAULT CHARSET=utf8mb4 COLLATE=utf8mb4_unicode_ci;

--
-- Dumping data untuk tabel `migrations`
--

INSERT INTO `migrations` (`id`, `migration`, `batch`) VALUES
(4, '2023_03_09_030035_create_pelanggan_table', 2),
(6, '2014_10_12_000000_create_users_table', 3),
(8, '2023_03_08_004320_create_paket_table', 3),
(9, '2023_03_09_031711_create_pelanggan_table', 3),
(10, '2023_03_09_050710_create_peket_table', 4),
(11, '2023_03_09_051135_create_paket_table', 5),
(13, '2023_03_09_120657_create_pelanggan_table', 7),
(14, '2023_03_16_020947_create_paket_table', 8),
(24, '2019_12_14_000001_create_personal_access_tokens_table', 9),
(25, '2023_03_09_075602_create_users_table', 9),
(26, '2023_03_16_021239_create_pelanggan_table', 9),
(27, '2023_06_17_083000_create_activity_logs_table', 10),
(28, '2023_03_16_035911_create_paket_table', 11),
(29, '2024_01_25_022807_create_pelanggan_table', 12),
(30, '2024_01_25_022858_create_paket_table', 13),
(31, '2024_01_25_023026_create_bulan_table', 14),
(32, '2024_01_25_023106_create_tagihan_table', 15),
(33, '2024_01_26_011526_create_tagihan_table', 16),
(34, '2024_01_27_085223_create_tagihan_table', 17),
(35, '2024_01_27_090523_create_pelanggan_table', 18),
(36, '2024_01_27_090551_create_tagihan_table', 19),
(37, '2024_01_27_090924_create_paket_table', 20),
(38, '2024_01_27_111503_create_bulan_table', 21),
(39, '2024_01_27_111549_create_paket_table', 22),
(40, '2024_01_27_111650_create_pelanggan_table', 23),
(41, '2024_01_27_111739_create_tagihan_table', 24),
(42, '2024_01_28_081806_create_bulan_table', 25),
(43, '2024_01_28_081846_create_tagihan_table', 26),
(44, '2024_01_28_082710_create_tagihan_table', 27),
(45, '2024_02_15_015348_add_jatuh_tempo_to_pelanggan_table', 28),
(46, '2024_02_19_023318_add_profile_picture_to_pelanggan_table', 29),
(47, '2024_02_22_095637_add_status_to_pelanggan_table', 30),
(48, '2024_03_06_075512_add_remember_token_to_users_table', 31);

-- --------------------------------------------------------

--
-- Struktur dari tabel `paket`
--

CREATE TABLE `paket` (
  `id_paket` varchar(6) COLLATE utf8mb4_unicode_ci NOT NULL,
  `paket` varchar(20) COLLATE utf8mb4_unicode_ci NOT NULL,
  `tarif` int(11) NOT NULL,
  `created_at` timestamp NULL DEFAULT NULL,
  `updated_at` timestamp NULL DEFAULT NULL
) ENGINE=InnoDB DEFAULT CHARSET=utf8mb4 COLLATE=utf8mb4_unicode_ci;

--
-- Dumping data untuk tabel `paket`
--

INSERT INTO `paket` (`id_paket`, `paket`, `tarif`, `created_at`, `updated_at`) VALUES
('P001', '20 Mbps', 250000, '2024-01-27 21:01:17', '2024-01-27 21:46:27'),
('P002', '10 Mbps', 200000, '2024-01-27 21:45:02', '2024-01-27 21:51:39'),
('P003', '8 Mbps', 180000, '2024-01-27 21:45:35', '2024-01-27 21:52:09'),
('P004', '5 Mbps', 150000, '2024-01-27 21:45:56', '2024-02-19 18:00:31'),
('P005', '3 Mbps', 100000, '2024-02-19 18:00:21', '2024-02-19 18:04:26'),
('P006', '1.5 MB', 50000, '2024-02-19 18:04:50', '2024-02-19 18:04:50');

-- --------------------------------------------------------

--
-- Struktur dari tabel `pelanggan`
--

CREATE TABLE `pelanggan` (
  `id_pelanggan` varchar(6) COLLATE utf8mb4_unicode_ci NOT NULL,
  `nama` varchar(20) COLLATE utf8mb4_unicode_ci NOT NULL,
  `alamat` text COLLATE utf8mb4_unicode_ci NOT NULL,
  `whatsapp` varchar(15) COLLATE utf8mb4_unicode_ci NOT NULL,
  `email` varchar(30) COLLATE utf8mb4_unicode_ci NOT NULL,
  `password` varchar(15) COLLATE utf8mb4_unicode_ci NOT NULL,
  `level` varchar(5) COLLATE utf8mb4_unicode_ci NOT NULL,
  `id_paket` varchar(6) COLLATE utf8mb4_unicode_ci NOT NULL,
  `created_at` timestamp NULL DEFAULT NULL,
  `updated_at` timestamp NULL DEFAULT NULL,
  `jatuh_tempo` varchar(255) COLLATE utf8mb4_unicode_ci DEFAULT NULL,
  `profile_picture` varchar(255) COLLATE utf8mb4_unicode_ci DEFAULT NULL,
  `status` enum('aktif','nonaktif') COLLATE utf8mb4_unicode_ci NOT NULL
) ENGINE=InnoDB DEFAULT CHARSET=utf8mb4 COLLATE=utf8mb4_unicode_ci;

--
-- Dumping data untuk tabel `pelanggan`
--

INSERT INTO `pelanggan` (`id_pelanggan`, `nama`, `alamat`, `whatsapp`, `email`, `password`, `level`, `id_paket`, `created_at`, `updated_at`, `jatuh_tempo`, `profile_picture`, `status`) VALUES
('C001', 'Aufa Itratun Afifah', 'Desa Pamutih', '6289530105003', 'cst1@mail.com', '6337', 'User', 'P006', '2024-02-19 18:01:42', '2024-02-19 18:05:27', 'Setiap Tanggal 10', NULL, 'aktif'),
('C002', 'Mila', 'Desa Pamutih', '6282329227692', 'cst2@mail.com', '4367', 'User', 'P004', '2024-02-19 18:02:48', '2024-02-19 18:02:48', 'Setiap Tanggal 10', NULL, 'aktif'),
('C003', 'Saeful Anwar', 'Desa Pamutih', '62895366892738', 'cst3@mail.com', '9438', 'User', 'P005', '2024-02-19 18:03:57', '2024-02-19 18:05:17', 'Setiap Tanggal 10', NULL, 'aktif'),
('C004', 'Wiwik', 'Desa Pamutih', '6282322611096', 'cst4@mail.com', '5863', 'User', 'P004', '2024-02-19 18:06:56', '2024-02-19 18:06:56', 'Setiap Tanggal 19', NULL, 'aktif'),
('C005', 'Nunung', 'Desa Pamutih', '6282327122994', 'cst5@mail.com', '3658', 'User', 'P004', '2024-02-19 18:07:55', '2024-02-19 18:07:55', 'Setiap Tanggal 19', NULL, 'aktif'),
('C006', 'Bambang Widodo', 'Desa Pamutih', '6282116568036', 'cst6@mail.com', '5243', 'User', 'P002', '2024-02-19 18:09:23', '2024-03-02 21:54:04', 'Setiap Tanggal 14', NULL, 'aktif'),
('C007', 'Mufli', 'Desa Pamutih', '6289529896031', 'cst7@mail.com', '3409', 'User', 'P006', '2024-02-19 18:10:25', '2024-03-01 20:13:37', 'Setiap Tanggal 15', NULL, 'nonaktif'),
('C008', 'Om Supri', 'Desa Pamutih', '6282322332172', 'cst8@mail.com', '9554', 'User', 'P004', '2024-02-19 18:13:03', '2024-02-19 18:13:03', 'Setiap Tanggal 9', NULL, 'aktif'),
('C009', 'Devi K A', 'Desa Pamutih', '6287830529041', 'cst9@mail.com', '6143', 'User', 'P004', '2024-02-19 18:14:22', '2024-02-19 18:14:22', 'Setiap Tanggal 9', NULL, 'aktif'),
('C010', 'Mba Jul', 'Desa Pamutih', '6285292207031', 'cst10@mail.com', '4391', 'User', 'P004', '2024-02-19 18:15:16', '2024-02-19 18:15:16', 'Setiap Tanggal 9', NULL, 'aktif'),
('C011', 'Mba Iir', 'Desa Pamutih', '6281229133291', 'cst11@mail.com', '6915', 'User', 'P004', '2024-02-19 18:16:13', '2024-02-19 18:16:13', 'Setiap Tanggal 23', NULL, 'aktif'),
('C012', 'Triatun', 'Desa Pamutih', '6285201306779', 'cst12@mail.com', '2836', 'User', 'P004', '2024-02-19 18:17:11', '2024-02-19 18:17:11', 'Setiap Tanggal 29', NULL, 'aktif'),
('C013', 'Salim', 'Desa Pamutih', '6281931813589', 'cst13@mail.com', '6456', 'User', 'P005', '2024-02-19 18:18:34', '2024-03-02 01:02:43', 'Setiap Tanggal 21', NULL, 'nonaktif'),
('C014', 'Wusito', 'Desa Pamutih', '6285880477764', 'cst14@mail.com', '7613', 'User', 'P005', '2024-02-19 18:19:36', '2024-03-02 04:07:37', 'Setiap Tanggal 7', NULL, 'aktif'),
('C015', 'Tamali', 'Desa Pamutih', '6288238471989', 'cst15@mail.com', '7090', 'User', 'P003', '2024-02-19 18:20:41', '2024-03-02 22:51:09', 'Setiap Tanggal 1', NULL, 'aktif'),
('C016', 'Mba Jun', 'Desa Pamutih', '6283169062314', 'cst16@mail.com', '5306', 'User', 'P004', '2024-02-19 18:22:27', '2024-03-01 20:34:36', 'Setiap Tanggal 20', NULL, 'nonaktif'),
('C017', 'Mba Ces', 'Desa Pamutih', '6283169062314', 'cst17@mail.com', '6291', 'User', 'P004', '2024-02-19 18:23:53', '2024-03-01 20:35:47', 'Setiap Tanggal 24', NULL, 'aktif'),
('C018', 'Mba Win', 'Desa Blendung', '6281325030646', 'cst18@mail.com', '8030', 'User', 'P004', '2024-02-19 18:25:20', '2024-03-01 20:37:21', 'Setiap Tanggal 2', NULL, 'aktif'),
('C019', 'Septi', 'Desa Pamutih', '6285877778879', 'cst19@mail.com', '1009', 'User', 'P004', '2024-02-19 18:33:35', '2024-03-02 03:50:41', 'Setiap Tanggal 1', NULL, 'nonaktif'),
('C020', 'Nur', 'Desa Pamutih', '6285293509100', 'cst20@mail.com', '8205', 'User', 'P004', '2024-02-19 18:34:43', '2024-03-01 20:39:16', 'Setiap Tanggal 7', NULL, 'aktif'),
('C021', 'Dewi', 'Desa Pamutih', '62895401570868', 'cst21@mail.com', '9394', 'User', 'P004', '2024-02-19 18:35:55', '2024-03-01 21:02:48', 'Setiap Tanggal 3', NULL, 'aktif'),
('C022', 'Mutya', 'Desa Blendung', '6285869563900', 'cst22@mail.com', '6141', 'User', 'P004', '2024-02-19 18:37:08', '2024-03-01 21:03:50', 'Setiap Tanggal 12', NULL, 'aktif'),
('C023', 'Rosdi', 'Desa Pamutih', '6288291221926', 'cst23@mail.com', '4488', 'User', 'P004', '2024-02-19 18:38:23', '2024-03-01 21:22:50', 'Setiap Tanggal 7', NULL, 'aktif'),
('C024', 'Mandor', 'Desa Pamutih', '6281215163964', 'cst24@mail.com', '1336', 'User', 'P004', '2024-02-19 19:00:38', '2024-03-02 00:59:29', 'Setiap Tanggal 5', NULL, 'nonaktif'),
('C025', 'Tiyowati', 'Desa Pamutih', '6285702239332', 'cst25@mail.com', '9432', 'User', 'P004', '2024-02-19 19:01:41', '2024-03-02 01:00:44', 'Setiap Tanggal 12', NULL, 'aktif'),
('C026', 'Erma', 'Desa Pamutih', '6283107661279', 'cst26@mail.com', '5075', 'User', 'P004', '2024-02-19 19:03:25', '2024-03-02 03:30:49', 'Setiap Tanggal 6', NULL, 'aktif'),
('C027', 'Mba Sum', 'Desa Pamutih', '6287828680025', 'cst27@mail.com', '2731', 'User', 'P004', '2024-02-19 19:04:25', '2024-03-02 03:32:27', 'Setiap Tanggal 13', NULL, 'aktif'),
('C028', 'Kang Eko', 'Desa Pamutih', '6282328680025', 'cst28@mail.com', '9888', 'User', 'P003', '2024-02-19 19:05:50', '2024-03-02 03:41:53', 'Setiap Tanggal 10', NULL, 'aktif'),
('C029', 'Mba Itum', 'Desa Pamutih', '6285292256699', 'cst29@mail.com', '9502', 'User', 'P004', '2024-02-20 18:02:01', '2024-03-02 03:40:37', 'Setiap Tanggal 25', NULL, 'aktif'),
('C030', 'Lani', 'Desa Pamutih', '6289528134902', 'cst30@mail.com', '8546', 'User', 'P004', '2024-02-20 18:02:54', '2024-03-02 03:55:54', 'Setiap Tanggal 1', NULL, 'aktif'),
('C031', 'Rahmat', 'Desa Pamutih', '6285878503037', 'cst31@mail.com', '7723', 'User', 'P004', '2024-02-20 18:03:46', '2024-03-02 03:56:51', 'Setiap Tanggal 15', NULL, 'aktif'),
('C032', 'Mba Izah', 'Desa Pamutih', '6285887608907', 'cst32@mail.com', '3134', 'User', 'P004', '2024-02-20 18:04:44', '2024-03-02 04:18:02', 'Setiap Tanggal 16', NULL, 'aktif'),
('C033', 'Gepeng', 'Desa Pamutih', '6285880477764', 'cst33@mail.com', '5228', 'User', 'P005', '2024-02-20 18:06:48', '2024-03-02 04:18:15', 'Setiap Tanggal 22', NULL, 'aktif'),
('C034', 'Rohmat', 'Desa Pamutih', '6285775167300', 'cst34@mail.com', '9327', 'User', 'P004', '2024-02-20 18:07:55', '2024-03-02 04:18:32', 'Setiap Tanggal 5', NULL, 'aktif'),
('C035', 'Mba Tonari', 'Desa Pamutih', '6285601748949', 'cst35@mail.com', '2021', 'User', 'P004', '2024-02-20 18:09:03', '2024-03-02 04:18:43', 'Setiap tanggal 4', NULL, 'nonaktif'),
('C036', 'Uden', 'Desa Pamutih', '6289690926317', 'cst36@mail.com', '6271', 'User', 'P004', '2024-03-02 04:50:30', '2024-03-02 04:50:30', 'Setiap Tanggal 28', NULL, 'aktif'),
('C037', 'Rini', 'Desa Pamutih', '6289529896031', 'cst37@mail.com', '6116', 'User', 'P004', '2024-03-02 04:52:43', '2024-03-02 04:52:43', 'Setiap Tanggal 2', NULL, 'aktif'),
('C038', 'Dirman', 'Desa Pamutih', '6285643183827', 'cst38@mail.com', '8015', 'User', 'P004', '2024-03-02 04:53:43', '2024-03-02 04:53:43', 'Setiap Tanggal 1', NULL, 'aktif'),
('C039', 'Mba Wasia', 'Desa Pamutih', '6289653688783', 'cst39@mail.com', '5312', 'User', 'P004', '2024-03-02 04:55:05', '2024-03-02 04:55:05', 'Setiap Tanggal 16', NULL, 'aktif'),
('C040', 'Mba Win Ara', 'Desa Pamutih', '6289653492274', 'cst40@mail.com', '9948', 'User', 'P004', '2024-03-02 04:57:01', '2024-03-02 04:57:01', 'Setiap Tanggal 1', NULL, 'aktif'),
('C041', 'Sandi', 'Desa Pamutih', '6281229133291', 'cst41@mail.com', '4880', 'User', 'P004', '2024-03-02 04:59:47', '2024-03-02 04:59:47', 'Setiap Tanggal 10', NULL, 'aktif'),
('C042', 'Bu Jubaedah', 'Desa Pamutih', '6281328087950', 'cst42@mail.com', '3476', 'User', 'P004', '2024-03-02 05:01:49', '2024-03-02 05:01:49', 'Setiap Tanggal 10', NULL, 'aktif'),
('C043', 'Rizal', 'Desa Pamutih', '6282298082829', 'cst43@mail.com', '3250', 'User', 'P004', '2024-03-02 19:19:54', '2024-03-02 19:19:54', 'Setiap Tanggal 24', NULL, 'aktif'),
('C044', 'Lala', 'Desa Pamutih', '6288220233272', 'cst44@mail.com', '7284', 'User', 'P004', '2024-03-02 21:19:47', '2024-03-02 21:19:47', 'Setiap Tanggal 20', NULL, 'aktif');

-- --------------------------------------------------------

--
-- Struktur dari tabel `personal_access_tokens`
--

CREATE TABLE `personal_access_tokens` (
  `id` bigint(20) UNSIGNED NOT NULL,
  `tokenable_type` varchar(255) COLLATE utf8mb4_unicode_ci NOT NULL,
  `tokenable_id` bigint(20) UNSIGNED NOT NULL,
  `name` varchar(255) COLLATE utf8mb4_unicode_ci NOT NULL,
  `token` varchar(64) COLLATE utf8mb4_unicode_ci NOT NULL,
  `abilities` text COLLATE utf8mb4_unicode_ci DEFAULT NULL,
  `last_used_at` timestamp NULL DEFAULT NULL,
  `expires_at` timestamp NULL DEFAULT NULL,
  `created_at` timestamp NULL DEFAULT NULL,
  `updated_at` timestamp NULL DEFAULT NULL
) ENGINE=InnoDB DEFAULT CHARSET=utf8mb4 COLLATE=utf8mb4_unicode_ci;

-- --------------------------------------------------------

--
-- Struktur dari tabel `tagihan`
--

CREATE TABLE `tagihan` (
  `id` bigint(20) UNSIGNED NOT NULL,
  `bulan` bigint(20) UNSIGNED NOT NULL,
  `tahun` year(4) NOT NULL,
  `id_pelanggan` varchar(6) COLLATE utf8mb4_unicode_ci NOT NULL,
  `tagihan` int(11) NOT NULL,
  `status` enum('BL','LS') COLLATE utf8mb4_unicode_ci NOT NULL,
  `tgl_bayar` date DEFAULT NULL,
  `created_at` timestamp NULL DEFAULT NULL,
  `updated_at` timestamp NULL DEFAULT NULL
) ENGINE=InnoDB DEFAULT CHARSET=utf8mb4 COLLATE=utf8mb4_unicode_ci;

--
-- Dumping data untuk tabel `tagihan`
--

INSERT INTO `tagihan` (`id`, `bulan`, `tahun`, `id_pelanggan`, `tagihan`, `status`, `tgl_bayar`, `created_at`, `updated_at`) VALUES
(1, 2, 2021, 'C001', 50000, 'LS', '2021-02-10', '0000-00-00 00:00:00', '0000-00-00 00:00:00'),
(2, 2, 2021, 'C002', 150000, 'LS', '2021-02-11', '0000-00-00 00:00:00', '0000-00-00 00:00:00'),
(3, 2, 2021, 'C003', 100000, 'LS', '2021-02-10', '0000-00-00 00:00:00', '0000-00-00 00:00:00'),
(4, 2, 2021, 'C004', 150000, 'LS', '2021-02-19', '0000-00-00 00:00:00', '0000-00-00 00:00:00'),
(5, 2, 2021, 'C005', 150000, 'LS', '2021-02-19', '0000-00-00 00:00:00', '0000-00-00 00:00:00'),
(6, 3, 2021, 'C001', 50000, 'LS', '2021-03-10', '0000-00-00 00:00:00', '0000-00-00 00:00:00'),
(7, 3, 2021, 'C002', 150000, 'LS', '2021-03-11', '0000-00-00 00:00:00', '0000-00-00 00:00:00'),
(8, 3, 2021, 'C003', 100000, 'LS', '2021-03-10', '0000-00-00 00:00:00', '0000-00-00 00:00:00'),
(9, 3, 2021, 'C004', 150000, 'LS', '2021-03-19', '0000-00-00 00:00:00', '0000-00-00 00:00:00'),
(10, 3, 2021, 'C005', 150000, 'LS', '2021-03-19', '0000-00-00 00:00:00', '0000-00-00 00:00:00'),
(11, 4, 2021, 'C001', 50000, 'LS', '2021-04-10', '0000-00-00 00:00:00', '0000-00-00 00:00:00'),
(12, 4, 2021, 'C002', 150000, 'LS', '2021-04-11', '0000-00-00 00:00:00', '0000-00-00 00:00:00'),
(13, 4, 2021, 'C003', 100000, 'LS', '2021-04-10', '0000-00-00 00:00:00', '0000-00-00 00:00:00'),
(14, 4, 2021, 'C004', 150000, 'LS', '2021-04-19', '0000-00-00 00:00:00', '0000-00-00 00:00:00'),
(15, 4, 2021, 'C005', 150000, 'LS', '2021-04-19', '0000-00-00 00:00:00', '0000-00-00 00:00:00'),
(16, 4, 2021, 'C006', 150000, 'LS', '2021-04-14', '0000-00-00 00:00:00', '0000-00-00 00:00:00'),
(17, 5, 2021, 'C001', 50000, 'LS', '2021-05-10', '0000-00-00 00:00:00', '0000-00-00 00:00:00'),
(18, 5, 2021, 'C002', 150000, 'LS', '2021-05-11', '0000-00-00 00:00:00', '0000-00-00 00:00:00'),
(19, 5, 2021, 'C003', 100000, 'LS', '2021-05-10', '0000-00-00 00:00:00', '0000-00-00 00:00:00'),
(20, 5, 2021, 'C004', 150000, 'LS', '2021-05-19', '0000-00-00 00:00:00', '0000-00-00 00:00:00'),
(21, 5, 2021, 'C005', 150000, 'LS', '2021-05-19', '0000-00-00 00:00:00', '0000-00-00 00:00:00'),
(22, 5, 2021, 'C006', 150000, 'LS', '2021-05-14', '0000-00-00 00:00:00', '0000-00-00 00:00:00'),
(23, 6, 2021, 'C001', 50000, 'LS', '2021-06-10', '0000-00-00 00:00:00', '0000-00-00 00:00:00'),
(24, 6, 2021, 'C002', 150000, 'LS', '2021-06-11', '0000-00-00 00:00:00', '0000-00-00 00:00:00'),
(25, 6, 2021, 'C003', 100000, 'LS', '2021-06-10', '0000-00-00 00:00:00', '0000-00-00 00:00:00'),
(26, 6, 2021, 'C004', 150000, 'LS', '2021-06-13', '0000-00-00 00:00:00', '0000-00-00 00:00:00'),
(27, 6, 2021, 'C005', 150000, 'LS', '2021-06-19', '0000-00-00 00:00:00', '0000-00-00 00:00:00'),
(28, 6, 2021, 'C006', 150000, 'LS', '2021-06-19', '0000-00-00 00:00:00', '0000-00-00 00:00:00'),
(29, 6, 2021, 'C007', 50000, 'LS', '2021-06-02', '0000-00-00 00:00:00', '0000-00-00 00:00:00'),
(30, 6, 2021, 'C008', 150000, 'LS', '2021-06-09', '0000-00-00 00:00:00', '0000-00-00 00:00:00'),
(31, 6, 2021, 'C009', 150000, 'LS', '2021-06-09', '0000-00-00 00:00:00', '0000-00-00 00:00:00'),
(32, 6, 2021, 'C010', 150000, 'LS', '2021-06-09', '0000-00-00 00:00:00', '0000-00-00 00:00:00'),
(33, 6, 2021, 'C011', 150000, 'LS', '2021-06-23', '0000-00-00 00:00:00', '0000-00-00 00:00:00'),
(34, 6, 2021, 'C012', 150000, 'LS', '2021-06-29', '0000-00-00 00:00:00', '0000-00-00 00:00:00'),
(35, 7, 2021, 'C001', 50000, 'LS', '2021-07-10', '0000-00-00 00:00:00', '0000-00-00 00:00:00'),
(36, 7, 2021, 'C002', 150000, 'LS', '2021-07-11', '0000-00-00 00:00:00', '0000-00-00 00:00:00'),
(37, 7, 2021, 'C003', 100000, 'LS', '2021-07-10', '0000-00-00 00:00:00', '0000-00-00 00:00:00'),
(38, 7, 2021, 'C004', 150000, 'LS', '2021-07-13', '0000-00-00 00:00:00', '0000-00-00 00:00:00'),
(39, 7, 2021, 'C005', 150000, 'LS', '2021-07-19', '0000-00-00 00:00:00', '0000-00-00 00:00:00'),
(40, 7, 2021, 'C006', 150000, 'LS', '2021-07-19', '0000-00-00 00:00:00', '0000-00-00 00:00:00'),
(41, 7, 2021, 'C007', 50000, 'LS', '2021-07-02', '0000-00-00 00:00:00', '0000-00-00 00:00:00'),
(42, 7, 2021, 'C008', 150000, 'LS', '2021-07-09', '0000-00-00 00:00:00', '0000-00-00 00:00:00'),
(43, 7, 2021, 'C009', 150000, 'LS', '2021-07-09', '0000-00-00 00:00:00', '0000-00-00 00:00:00'),
(44, 7, 2021, 'C010', 150000, 'LS', '2021-07-09', '0000-00-00 00:00:00', '0000-00-00 00:00:00'),
(45, 7, 2021, 'C011', 150000, 'LS', '2021-07-23', '0000-00-00 00:00:00', '0000-00-00 00:00:00'),
(46, 7, 2021, 'C012', 150000, 'LS', '2021-07-29', '0000-00-00 00:00:00', '0000-00-00 00:00:00'),
(47, 8, 2021, 'C001', 50000, 'LS', '2021-08-10', '0000-00-00 00:00:00', '0000-00-00 00:00:00'),
(48, 8, 2021, 'C002', 150000, 'LS', '2021-08-11', '0000-00-00 00:00:00', '0000-00-00 00:00:00'),
(49, 8, 2021, 'C003', 100000, 'LS', '2021-08-10', '0000-00-00 00:00:00', '0000-00-00 00:00:00'),
(50, 8, 2021, 'C004', 150000, 'LS', '2021-08-13', '0000-00-00 00:00:00', '0000-00-00 00:00:00'),
(51, 8, 2021, 'C005', 150000, 'LS', '2021-08-19', '0000-00-00 00:00:00', '0000-00-00 00:00:00'),
(52, 8, 2021, 'C006', 150000, 'LS', '2021-08-19', '0000-00-00 00:00:00', '0000-00-00 00:00:00'),
(53, 8, 2021, 'C007', 50000, 'LS', '2021-08-02', '0000-00-00 00:00:00', '0000-00-00 00:00:00'),
(54, 8, 2021, 'C008', 150000, 'LS', '2021-08-09', '0000-00-00 00:00:00', '0000-00-00 00:00:00'),
(55, 8, 2021, 'C009', 150000, 'LS', '2021-08-09', '0000-00-00 00:00:00', '0000-00-00 00:00:00'),
(56, 8, 2021, 'C010', 150000, 'LS', '2021-08-09', '0000-00-00 00:00:00', '0000-00-00 00:00:00'),
(57, 8, 2021, 'C011', 150000, 'LS', '2021-08-23', '0000-00-00 00:00:00', '0000-00-00 00:00:00'),
(58, 8, 2021, 'C012', 150000, 'LS', '2021-08-29', '0000-00-00 00:00:00', '0000-00-00 00:00:00'),
(59, 9, 2021, 'C001', 50000, 'LS', '2021-09-10', '0000-00-00 00:00:00', '0000-00-00 00:00:00'),
(60, 9, 2021, 'C002', 150000, 'LS', '2021-09-11', '0000-00-00 00:00:00', '0000-00-00 00:00:00'),
(61, 9, 2021, 'C003', 100000, 'LS', '2021-09-10', '0000-00-00 00:00:00', '0000-00-00 00:00:00'),
(62, 9, 2021, 'C004', 150000, 'LS', '2021-09-13', '0000-00-00 00:00:00', '0000-00-00 00:00:00'),
(63, 9, 2021, 'C005', 150000, 'LS', '2021-09-19', '0000-00-00 00:00:00', '0000-00-00 00:00:00'),
(64, 9, 2021, 'C006', 150000, 'LS', '2021-09-19', '0000-00-00 00:00:00', '0000-00-00 00:00:00'),
(65, 9, 2021, 'C008', 150000, 'LS', '2021-09-09', '0000-00-00 00:00:00', '0000-00-00 00:00:00'),
(66, 9, 2021, 'C009', 150000, 'LS', '2021-09-09', '0000-00-00 00:00:00', '0000-00-00 00:00:00'),
(67, 9, 2021, 'C010', 150000, 'LS', '2021-09-09', '0000-00-00 00:00:00', '0000-00-00 00:00:00'),
(68, 9, 2021, 'C011', 150000, 'LS', '2021-09-23', '0000-00-00 00:00:00', '0000-00-00 00:00:00'),
(69, 9, 2021, 'C012', 150000, 'LS', '2021-09-29', '0000-00-00 00:00:00', '0000-00-00 00:00:00'),
(70, 9, 2021, 'C013', 100000, 'LS', '2021-09-10', '0000-00-00 00:00:00', '0000-00-00 00:00:00'),
(71, 9, 2021, 'C014', 100000, 'LS', '2021-09-15', '0000-00-00 00:00:00', '0000-00-00 00:00:00'),
(72, 10, 2021, 'C001', 50000, 'LS', '2021-10-10', '0000-00-00 00:00:00', '0000-00-00 00:00:00'),
(73, 10, 2021, 'C002', 150000, 'LS', '2021-10-11', '0000-00-00 00:00:00', '0000-00-00 00:00:00'),
(74, 10, 2021, 'C003', 100000, 'LS', '2021-10-10', '0000-00-00 00:00:00', '0000-00-00 00:00:00'),
(75, 10, 2021, 'C004', 150000, 'LS', '2021-10-13', '0000-00-00 00:00:00', '0000-00-00 00:00:00'),
(76, 10, 2021, 'C005', 150000, 'LS', '2021-10-19', '0000-00-00 00:00:00', '0000-00-00 00:00:00'),
(77, 10, 2021, 'C006', 150000, 'LS', '2021-10-19', '0000-00-00 00:00:00', '0000-00-00 00:00:00'),
(78, 10, 2021, 'C008', 150000, 'LS', '2021-10-09', '0000-00-00 00:00:00', '0000-00-00 00:00:00'),
(79, 10, 2021, 'C009', 150000, 'LS', '2021-10-09', '0000-00-00 00:00:00', '0000-00-00 00:00:00'),
(80, 10, 2021, 'C010', 150000, 'LS', '2021-10-09', '0000-00-00 00:00:00', '0000-00-00 00:00:00'),
(81, 10, 2021, 'C011', 150000, 'LS', '2021-10-23', '0000-00-00 00:00:00', '0000-00-00 00:00:00'),
(82, 10, 2021, 'C012', 150000, 'LS', '2021-10-29', '0000-00-00 00:00:00', '0000-00-00 00:00:00'),
(83, 10, 2021, 'C013', 100000, 'LS', '2021-10-10', '0000-00-00 00:00:00', '0000-00-00 00:00:00'),
(84, 10, 2021, 'C014', 100000, 'LS', '2021-10-15', '0000-00-00 00:00:00', '0000-00-00 00:00:00'),
(85, 10, 2021, 'C015', 150000, 'LS', '2021-10-01', '0000-00-00 00:00:00', '0000-00-00 00:00:00'),
(86, 10, 2021, 'C016', 150000, 'LS', '2021-10-20', '0000-00-00 00:00:00', '0000-00-00 00:00:00'),
(87, 10, 2021, 'C017', 150000, 'LS', '2021-10-24', '0000-00-00 00:00:00', '0000-00-00 00:00:00'),
(88, 11, 2021, 'C001', 50000, 'LS', '2021-11-10', '0000-00-00 00:00:00', '0000-00-00 00:00:00'),
(89, 11, 2021, 'C002', 150000, 'LS', '2021-11-11', '0000-00-00 00:00:00', '0000-00-00 00:00:00'),
(90, 11, 2021, 'C003', 100000, 'LS', '2021-11-10', '0000-00-00 00:00:00', '0000-00-00 00:00:00'),
(91, 11, 2021, 'C004', 150000, 'LS', '2021-11-13', '0000-00-00 00:00:00', '0000-00-00 00:00:00'),
(92, 11, 2021, 'C005', 150000, 'LS', '2021-11-19', '0000-00-00 00:00:00', '0000-00-00 00:00:00'),
(93, 11, 2021, 'C006', 150000, 'LS', '2021-11-19', '0000-00-00 00:00:00', '0000-00-00 00:00:00'),
(94, 11, 2021, 'C008', 150000, 'LS', '2021-11-09', '0000-00-00 00:00:00', '0000-00-00 00:00:00'),
(95, 11, 2021, 'C009', 150000, 'LS', '2021-11-09', '0000-00-00 00:00:00', '0000-00-00 00:00:00'),
(96, 11, 2021, 'C010', 150000, 'LS', '2021-11-09', '0000-00-00 00:00:00', '0000-00-00 00:00:00'),
(97, 11, 2021, 'C011', 150000, 'LS', '2021-11-23', '0000-00-00 00:00:00', '0000-00-00 00:00:00'),
(98, 11, 2021, 'C012', 150000, 'LS', '2021-11-29', '0000-00-00 00:00:00', '0000-00-00 00:00:00'),
(99, 11, 2021, 'C013', 100000, 'LS', '2021-11-10', '0000-00-00 00:00:00', '0000-00-00 00:00:00'),
(100, 11, 2021, 'C014', 100000, 'LS', '2021-11-15', '0000-00-00 00:00:00', '0000-00-00 00:00:00'),
(101, 11, 2021, 'C015', 150000, 'LS', '2021-11-01', '0000-00-00 00:00:00', '0000-00-00 00:00:00'),
(102, 11, 2021, 'C016', 150000, 'LS', '2021-11-20', '0000-00-00 00:00:00', '0000-00-00 00:00:00'),
(103, 11, 2021, 'C017', 150000, 'LS', '2021-11-24', '0000-00-00 00:00:00', '0000-00-00 00:00:00'),
(104, 11, 2021, 'C018', 150000, 'LS', '2021-11-02', '0000-00-00 00:00:00', '0000-00-00 00:00:00'),
(105, 12, 2021, 'C001', 50000, 'LS', '2021-12-10', '0000-00-00 00:00:00', '0000-00-00 00:00:00'),
(106, 12, 2021, 'C002', 150000, 'LS', '2021-12-12', '0000-00-00 00:00:00', '0000-00-00 00:00:00'),
(107, 12, 2021, 'C003', 100000, 'LS', '2021-12-10', '0000-00-00 00:00:00', '0000-00-00 00:00:00'),
(108, 12, 2021, 'C004', 150000, 'LS', '2021-12-13', '0000-00-00 00:00:00', '0000-00-00 00:00:00'),
(109, 12, 2021, 'C005', 150000, 'LS', '2021-12-19', '0000-00-00 00:00:00', '0000-00-00 00:00:00'),
(110, 12, 2021, 'C006', 150000, 'LS', '2021-12-19', '0000-00-00 00:00:00', '0000-00-00 00:00:00'),
(111, 12, 2021, 'C008', 150000, 'LS', '2021-12-09', '0000-00-00 00:00:00', '0000-00-00 00:00:00'),
(112, 12, 2021, 'C009', 150000, 'LS', '2021-12-09', '0000-00-00 00:00:00', '0000-00-00 00:00:00'),
(113, 12, 2021, 'C010', 150000, 'LS', '2021-12-09', '0000-00-00 00:00:00', '0000-00-00 00:00:00'),
(114, 12, 2021, 'C011', 150000, 'LS', '2021-12-23', '0000-00-00 00:00:00', '0000-00-00 00:00:00'),
(115, 12, 2021, 'C012', 150000, 'LS', '2021-12-29', '0000-00-00 00:00:00', '0000-00-00 00:00:00'),
(116, 12, 2021, 'C013', 100000, 'LS', '2021-12-10', '0000-00-00 00:00:00', '0000-00-00 00:00:00'),
(117, 12, 2021, 'C014', 100000, 'LS', '2021-12-15', '0000-00-00 00:00:00', '0000-00-00 00:00:00'),
(118, 12, 2021, 'C015', 150000, 'LS', '2021-12-01', '0000-00-00 00:00:00', '0000-00-00 00:00:00'),
(119, 12, 2021, 'C016', 150000, 'LS', '2021-12-20', '0000-00-00 00:00:00', '0000-00-00 00:00:00'),
(120, 12, 2021, 'C017', 150000, 'LS', '2021-12-24', '0000-00-00 00:00:00', '0000-00-00 00:00:00'),
(121, 12, 2021, 'C018', 150000, 'LS', '2021-12-02', '0000-00-00 00:00:00', '0000-00-00 00:00:00'),
(122, 12, 2021, 'C019', 150000, 'LS', '2021-12-20', '0000-00-00 00:00:00', '0000-00-00 00:00:00'),
(123, 12, 2021, 'C020', 150000, 'LS', '2021-12-07', '0000-00-00 00:00:00', '0000-00-00 00:00:00'),
(124, 1, 2022, 'C001', 50000, 'LS', '2022-01-10', '0000-00-00 00:00:00', '0000-00-00 00:00:00'),
(125, 1, 2022, 'C002', 150000, 'LS', '2022-01-12', '0000-00-00 00:00:00', '0000-00-00 00:00:00'),
(126, 1, 2022, 'C003', 100000, 'LS', '2022-01-10', '0000-00-00 00:00:00', '0000-00-00 00:00:00'),
(127, 1, 2022, 'C004', 150000, 'LS', '2022-01-13', '0000-00-00 00:00:00', '0000-00-00 00:00:00'),
(128, 1, 2022, 'C005', 150000, 'LS', '2022-01-19', '0000-00-00 00:00:00', '0000-00-00 00:00:00'),
(129, 1, 2022, 'C006', 150000, 'LS', '2022-01-19', '0000-00-00 00:00:00', '0000-00-00 00:00:00'),
(130, 1, 2022, 'C008', 150000, 'LS', '2022-01-09', '0000-00-00 00:00:00', '0000-00-00 00:00:00'),
(131, 1, 2022, 'C009', 150000, 'LS', '2022-01-09', '0000-00-00 00:00:00', '0000-00-00 00:00:00'),
(132, 1, 2022, 'C010', 150000, 'LS', '2022-01-09', '0000-00-00 00:00:00', '0000-00-00 00:00:00'),
(133, 1, 2022, 'C011', 150000, 'LS', '2022-01-23', '0000-00-00 00:00:00', '0000-00-00 00:00:00'),
(134, 1, 2022, 'C012', 150000, 'LS', '2022-01-29', '0000-00-00 00:00:00', '0000-00-00 00:00:00'),
(135, 1, 2022, 'C013', 100000, 'LS', '2022-01-10', '0000-00-00 00:00:00', '0000-00-00 00:00:00'),
(136, 1, 2022, 'C014', 100000, 'LS', '2022-01-15', '0000-00-00 00:00:00', '0000-00-00 00:00:00'),
(137, 1, 2022, 'C015', 150000, 'LS', '2022-01-01', '0000-00-00 00:00:00', '0000-00-00 00:00:00'),
(138, 1, 2022, 'C016', 150000, 'LS', '2022-01-20', '0000-00-00 00:00:00', '0000-00-00 00:00:00'),
(139, 1, 2022, 'C017', 150000, 'LS', '2022-01-24', '0000-00-00 00:00:00', '0000-00-00 00:00:00'),
(140, 1, 2022, 'C018', 150000, 'LS', '2022-01-02', '0000-00-00 00:00:00', '0000-00-00 00:00:00'),
(141, 1, 2022, 'C019', 150000, 'LS', '2022-01-20', '0000-00-00 00:00:00', '0000-00-00 00:00:00'),
(142, 1, 2022, 'C020', 150000, 'LS', '2022-01-07', '0000-00-00 00:00:00', '0000-00-00 00:00:00'),
(143, 2, 2022, 'C001', 50000, 'LS', '2022-02-10', '0000-00-00 00:00:00', '0000-00-00 00:00:00'),
(144, 2, 2022, 'C002', 150000, 'LS', '2022-02-12', '0000-00-00 00:00:00', '0000-00-00 00:00:00'),
(145, 2, 2022, 'C003', 100000, 'LS', '2022-02-10', '0000-00-00 00:00:00', '0000-00-00 00:00:00'),
(146, 2, 2022, 'C004', 150000, 'LS', '2022-02-13', '0000-00-00 00:00:00', '0000-00-00 00:00:00'),
(147, 2, 2022, 'C005', 150000, 'LS', '2022-02-19', '0000-00-00 00:00:00', '0000-00-00 00:00:00'),
(148, 2, 2022, 'C006', 150000, 'LS', '2022-02-19', '0000-00-00 00:00:00', '0000-00-00 00:00:00'),
(149, 2, 2022, 'C008', 150000, 'LS', '2022-02-09', '0000-00-00 00:00:00', '0000-00-00 00:00:00'),
(150, 2, 2022, 'C009', 150000, 'LS', '2022-02-09', '0000-00-00 00:00:00', '0000-00-00 00:00:00'),
(151, 2, 2022, 'C010', 150000, 'LS', '2022-02-09', '0000-00-00 00:00:00', '0000-00-00 00:00:00'),
(152, 2, 2022, 'C011', 150000, 'LS', '2022-02-23', '0000-00-00 00:00:00', '0000-00-00 00:00:00'),
(153, 2, 2022, 'C012', 150000, 'LS', '2022-02-28', '0000-00-00 00:00:00', '0000-00-00 00:00:00'),
(154, 2, 2022, 'C013', 100000, 'LS', '2022-02-10', '0000-00-00 00:00:00', '0000-00-00 00:00:00'),
(155, 2, 2022, 'C014', 100000, 'LS', '2022-02-15', '0000-00-00 00:00:00', '0000-00-00 00:00:00'),
(156, 2, 2022, 'C015', 150000, 'LS', '2022-02-01', '0000-00-00 00:00:00', '0000-00-00 00:00:00'),
(157, 2, 2022, 'C016', 150000, 'LS', '2022-02-20', '0000-00-00 00:00:00', '0000-00-00 00:00:00'),
(158, 2, 2022, 'C017', 150000, 'LS', '2022-02-24', '0000-00-00 00:00:00', '0000-00-00 00:00:00'),
(159, 2, 2022, 'C018', 150000, 'LS', '2022-02-02', '0000-00-00 00:00:00', '0000-00-00 00:00:00'),
(160, 2, 2022, 'C019', 150000, 'LS', '2022-02-20', '0000-00-00 00:00:00', '0000-00-00 00:00:00'),
(161, 2, 2022, 'C020', 150000, 'LS', '2022-02-07', '0000-00-00 00:00:00', '0000-00-00 00:00:00'),
(162, 3, 2022, 'C001', 50000, 'LS', '2022-03-10', '0000-00-00 00:00:00', '0000-00-00 00:00:00'),
(163, 3, 2022, 'C002', 150000, 'LS', '2022-03-12', '0000-00-00 00:00:00', '0000-00-00 00:00:00'),
(164, 3, 2022, 'C003', 100000, 'LS', '2022-03-10', '0000-00-00 00:00:00', '0000-00-00 00:00:00'),
(165, 3, 2022, 'C004', 150000, 'LS', '2022-03-13', '0000-00-00 00:00:00', '0000-00-00 00:00:00'),
(166, 3, 2022, 'C005', 150000, 'LS', '2022-03-19', '0000-00-00 00:00:00', '0000-00-00 00:00:00'),
(167, 3, 2022, 'C006', 150000, 'LS', '2022-03-19', '0000-00-00 00:00:00', '0000-00-00 00:00:00'),
(168, 3, 2022, 'C008', 150000, 'LS', '2022-03-09', '0000-00-00 00:00:00', '0000-00-00 00:00:00'),
(169, 3, 2022, 'C009', 150000, 'LS', '2022-03-09', '0000-00-00 00:00:00', '0000-00-00 00:00:00'),
(170, 3, 2022, 'C010', 150000, 'LS', '2022-03-09', '0000-00-00 00:00:00', '0000-00-00 00:00:00'),
(171, 3, 2022, 'C011', 150000, 'LS', '2022-03-23', '0000-00-00 00:00:00', '0000-00-00 00:00:00'),
(172, 3, 2022, 'C012', 150000, 'LS', '2022-03-29', '0000-00-00 00:00:00', '0000-00-00 00:00:00'),
(173, 3, 2022, 'C013', 100000, 'LS', '2022-03-10', '0000-00-00 00:00:00', '0000-00-00 00:00:00'),
(174, 3, 2022, 'C014', 100000, 'LS', '2022-03-15', '0000-00-00 00:00:00', '0000-00-00 00:00:00'),
(175, 3, 2022, 'C015', 150000, 'LS', '2022-03-01', '0000-00-00 00:00:00', '0000-00-00 00:00:00'),
(176, 3, 2022, 'C016', 150000, 'LS', '2022-03-20', '0000-00-00 00:00:00', '0000-00-00 00:00:00'),
(177, 3, 2022, 'C017', 150000, 'LS', '2022-03-24', '0000-00-00 00:00:00', '0000-00-00 00:00:00'),
(178, 3, 2022, 'C018', 150000, 'LS', '2022-03-02', '0000-00-00 00:00:00', '0000-00-00 00:00:00'),
(179, 3, 2022, 'C019', 150000, 'LS', '2022-03-20', '0000-00-00 00:00:00', '0000-00-00 00:00:00'),
(180, 3, 2022, 'C020', 150000, 'LS', '2022-03-07', '0000-00-00 00:00:00', '0000-00-00 00:00:00'),
(181, 4, 2022, 'C001', 50000, 'LS', '2022-04-10', '0000-00-00 00:00:00', '0000-00-00 00:00:00'),
(182, 4, 2022, 'C002', 150000, 'LS', '2022-04-12', '0000-00-00 00:00:00', '0000-00-00 00:00:00'),
(183, 4, 2022, 'C003', 100000, 'LS', '2022-04-10', '0000-00-00 00:00:00', '0000-00-00 00:00:00'),
(184, 4, 2022, 'C004', 150000, 'LS', '2022-04-13', '0000-00-00 00:00:00', '0000-00-00 00:00:00'),
(185, 4, 2022, 'C005', 150000, 'LS', '2022-04-19', '0000-00-00 00:00:00', '0000-00-00 00:00:00'),
(186, 4, 2022, 'C006', 150000, 'LS', '2022-04-19', '0000-00-00 00:00:00', '0000-00-00 00:00:00'),
(187, 4, 2022, 'C008', 150000, 'LS', '2022-04-09', '0000-00-00 00:00:00', '0000-00-00 00:00:00'),
(188, 4, 2022, 'C009', 150000, 'LS', '2022-04-09', '0000-00-00 00:00:00', '0000-00-00 00:00:00'),
(189, 4, 2022, 'C010', 150000, 'LS', '2022-04-09', '0000-00-00 00:00:00', '0000-00-00 00:00:00'),
(190, 4, 2022, 'C011', 150000, 'LS', '2022-04-23', '0000-00-00 00:00:00', '0000-00-00 00:00:00'),
(191, 4, 2022, 'C012', 150000, 'LS', '2022-04-29', '0000-00-00 00:00:00', '0000-00-00 00:00:00'),
(192, 4, 2022, 'C013', 100000, 'LS', '2022-04-10', '0000-00-00 00:00:00', '0000-00-00 00:00:00'),
(193, 4, 2022, 'C014', 100000, 'LS', '2022-04-15', '0000-00-00 00:00:00', '0000-00-00 00:00:00'),
(194, 4, 2022, 'C015', 150000, 'LS', '2022-04-01', '0000-00-00 00:00:00', '0000-00-00 00:00:00'),
(195, 4, 2022, 'C016', 150000, 'LS', '2022-04-20', '0000-00-00 00:00:00', '0000-00-00 00:00:00'),
(196, 4, 2022, 'C017', 150000, 'LS', '2022-04-24', '0000-00-00 00:00:00', '0000-00-00 00:00:00'),
(197, 4, 2022, 'C018', 150000, 'LS', '2022-04-02', '0000-00-00 00:00:00', '0000-00-00 00:00:00'),
(198, 4, 2022, 'C019', 150000, 'LS', '2022-04-20', '0000-00-00 00:00:00', '0000-00-00 00:00:00'),
(199, 4, 2022, 'C020', 150000, 'LS', '2022-04-07', '0000-00-00 00:00:00', '0000-00-00 00:00:00'),
(200, 4, 2022, 'C021', 150000, 'LS', '2022-04-03', '0000-00-00 00:00:00', '0000-00-00 00:00:00'),
(201, 4, 2022, 'C022', 150000, 'LS', '2022-04-12', '0000-00-00 00:00:00', '0000-00-00 00:00:00'),
(202, 5, 2022, 'C001', 50000, 'LS', '2022-05-10', '0000-00-00 00:00:00', '0000-00-00 00:00:00'),
(203, 5, 2022, 'C002', 150000, 'LS', '2022-05-12', '0000-00-00 00:00:00', '0000-00-00 00:00:00'),
(204, 5, 2022, 'C003', 100000, 'LS', '2022-05-10', '0000-00-00 00:00:00', '0000-00-00 00:00:00'),
(205, 5, 2022, 'C004', 150000, 'LS', '2022-05-13', '0000-00-00 00:00:00', '0000-00-00 00:00:00'),
(206, 5, 2022, 'C005', 150000, 'LS', '2022-05-19', '0000-00-00 00:00:00', '0000-00-00 00:00:00'),
(207, 5, 2022, 'C006', 150000, 'LS', '2022-05-19', '0000-00-00 00:00:00', '0000-00-00 00:00:00'),
(208, 5, 2022, 'C008', 150000, 'LS', '2022-05-09', '0000-00-00 00:00:00', '0000-00-00 00:00:00'),
(209, 5, 2022, 'C009', 150000, 'LS', '2022-05-09', '0000-00-00 00:00:00', '0000-00-00 00:00:00'),
(210, 5, 2022, 'C010', 150000, 'LS', '2022-05-09', '0000-00-00 00:00:00', '0000-00-00 00:00:00'),
(211, 5, 2022, 'C011', 150000, 'LS', '2022-05-23', '0000-00-00 00:00:00', '0000-00-00 00:00:00'),
(212, 5, 2022, 'C012', 150000, 'LS', '2022-05-29', '0000-00-00 00:00:00', '0000-00-00 00:00:00'),
(213, 5, 2022, 'C013', 100000, 'LS', '2022-05-10', '0000-00-00 00:00:00', '0000-00-00 00:00:00'),
(214, 5, 2022, 'C014', 100000, 'LS', '2022-05-15', '0000-00-00 00:00:00', '0000-00-00 00:00:00'),
(215, 5, 2022, 'C015', 150000, 'LS', '2022-05-01', '0000-00-00 00:00:00', '0000-00-00 00:00:00'),
(216, 5, 2022, 'C016', 150000, 'LS', '2022-05-20', '0000-00-00 00:00:00', '0000-00-00 00:00:00'),
(217, 5, 2022, 'C017', 150000, 'LS', '2022-05-24', '0000-00-00 00:00:00', '0000-00-00 00:00:00'),
(218, 5, 2022, 'C018', 150000, 'LS', '2022-05-02', '0000-00-00 00:00:00', '0000-00-00 00:00:00'),
(219, 5, 2022, 'C019', 150000, 'LS', '2022-05-20', '0000-00-00 00:00:00', '0000-00-00 00:00:00'),
(220, 5, 2022, 'C020', 150000, 'LS', '2022-05-07', '0000-00-00 00:00:00', '0000-00-00 00:00:00'),
(221, 5, 2022, 'C021', 150000, 'LS', '2022-05-03', '0000-00-00 00:00:00', '0000-00-00 00:00:00'),
(222, 5, 2022, 'C022', 150000, 'LS', '2022-05-12', '0000-00-00 00:00:00', '0000-00-00 00:00:00'),
(223, 5, 2022, 'C023', 150000, 'LS', '2022-05-07', '0000-00-00 00:00:00', '0000-00-00 00:00:00'),
(224, 6, 2022, 'C001', 50000, 'LS', '2022-06-10', '0000-00-00 00:00:00', '0000-00-00 00:00:00'),
(225, 6, 2022, 'C002', 150000, 'LS', '2022-06-12', '0000-00-00 00:00:00', '0000-00-00 00:00:00'),
(226, 6, 2022, 'C003', 100000, 'LS', '2022-06-10', '0000-00-00 00:00:00', '0000-00-00 00:00:00'),
(227, 6, 2022, 'C004', 150000, 'LS', '2022-06-13', '0000-00-00 00:00:00', '0000-00-00 00:00:00'),
(228, 6, 2022, 'C005', 150000, 'LS', '2022-06-19', '0000-00-00 00:00:00', '0000-00-00 00:00:00'),
(229, 6, 2022, 'C006', 150000, 'LS', '2022-06-19', '0000-00-00 00:00:00', '0000-00-00 00:00:00'),
(230, 6, 2022, 'C008', 150000, 'LS', '2022-06-09', '0000-00-00 00:00:00', '0000-00-00 00:00:00'),
(231, 6, 2022, 'C009', 150000, 'LS', '2022-06-09', '0000-00-00 00:00:00', '0000-00-00 00:00:00'),
(232, 6, 2022, 'C010', 150000, 'LS', '2022-06-09', '0000-00-00 00:00:00', '0000-00-00 00:00:00'),
(233, 6, 2022, 'C011', 150000, 'LS', '2022-06-23', '0000-00-00 00:00:00', '0000-00-00 00:00:00'),
(234, 6, 2022, 'C012', 150000, 'LS', '2022-06-29', '0000-00-00 00:00:00', '0000-00-00 00:00:00'),
(235, 6, 2022, 'C013', 100000, 'LS', '2022-06-10', '0000-00-00 00:00:00', '0000-00-00 00:00:00'),
(236, 6, 2022, 'C014', 100000, 'LS', '2022-06-15', '0000-00-00 00:00:00', '0000-00-00 00:00:00'),
(237, 6, 2022, 'C015', 150000, 'LS', '2022-06-01', '0000-00-00 00:00:00', '0000-00-00 00:00:00'),
(238, 6, 2022, 'C016', 150000, 'LS', '2022-06-20', '0000-00-00 00:00:00', '0000-00-00 00:00:00'),
(239, 6, 2022, 'C017', 150000, 'LS', '2022-06-24', '0000-00-00 00:00:00', '0000-00-00 00:00:00'),
(240, 6, 2022, 'C018', 150000, 'LS', '2022-06-02', '0000-00-00 00:00:00', '0000-00-00 00:00:00'),
(241, 6, 2022, 'C019', 150000, 'LS', '2022-06-20', '0000-00-00 00:00:00', '0000-00-00 00:00:00'),
(242, 6, 2022, 'C020', 150000, 'LS', '2022-06-07', '0000-00-00 00:00:00', '0000-00-00 00:00:00'),
(243, 6, 2022, 'C021', 150000, 'LS', '2022-06-03', '0000-00-00 00:00:00', '0000-00-00 00:00:00'),
(244, 6, 2022, 'C022', 150000, 'LS', '2022-06-12', '0000-00-00 00:00:00', '0000-00-00 00:00:00'),
(245, 6, 2022, 'C023', 150000, 'LS', '2022-06-07', '0000-00-00 00:00:00', '0000-00-00 00:00:00'),
(246, 7, 2022, 'C001', 50000, 'LS', '2022-07-10', '0000-00-00 00:00:00', '0000-00-00 00:00:00'),
(247, 7, 2022, 'C002', 150000, 'LS', '2022-07-12', '0000-00-00 00:00:00', '0000-00-00 00:00:00'),
(248, 7, 2022, 'C003', 100000, 'LS', '2022-07-10', '0000-00-00 00:00:00', '0000-00-00 00:00:00'),
(249, 7, 2022, 'C004', 150000, 'LS', '2022-07-13', '0000-00-00 00:00:00', '0000-00-00 00:00:00'),
(250, 7, 2022, 'C005', 150000, 'LS', '2022-07-19', '0000-00-00 00:00:00', '0000-00-00 00:00:00'),
(251, 7, 2022, 'C006', 150000, 'LS', '2022-07-19', '0000-00-00 00:00:00', '0000-00-00 00:00:00'),
(252, 7, 2022, 'C008', 150000, 'LS', '2022-07-09', '0000-00-00 00:00:00', '0000-00-00 00:00:00'),
(253, 7, 2022, 'C009', 150000, 'LS', '2022-07-09', '0000-00-00 00:00:00', '0000-00-00 00:00:00'),
(254, 7, 2022, 'C010', 150000, 'LS', '2022-07-09', '0000-00-00 00:00:00', '0000-00-00 00:00:00'),
(255, 7, 2022, 'C011', 150000, 'LS', '2022-07-23', '0000-00-00 00:00:00', '0000-00-00 00:00:00'),
(256, 7, 2022, 'C012', 150000, 'LS', '2022-07-29', '0000-00-00 00:00:00', '0000-00-00 00:00:00'),
(257, 7, 2022, 'C013', 100000, 'LS', '2022-07-10', '0000-00-00 00:00:00', '0000-00-00 00:00:00'),
(258, 7, 2022, 'C014', 100000, 'LS', '2022-07-15', '0000-00-00 00:00:00', '0000-00-00 00:00:00'),
(259, 7, 2022, 'C015', 150000, 'LS', '2022-07-01', '0000-00-00 00:00:00', '0000-00-00 00:00:00'),
(260, 7, 2022, 'C016', 150000, 'LS', '2022-07-20', '0000-00-00 00:00:00', '0000-00-00 00:00:00'),
(261, 7, 2022, 'C017', 150000, 'LS', '2022-07-24', '0000-00-00 00:00:00', '0000-00-00 00:00:00'),
(262, 7, 2022, 'C018', 150000, 'LS', '2022-07-02', '0000-00-00 00:00:00', '0000-00-00 00:00:00'),
(263, 7, 2022, 'C019', 150000, 'LS', '2022-07-20', '0000-00-00 00:00:00', '0000-00-00 00:00:00'),
(264, 7, 2022, 'C020', 150000, 'LS', '2022-07-07', '0000-00-00 00:00:00', '0000-00-00 00:00:00'),
(265, 7, 2022, 'C021', 150000, 'LS', '2022-07-03', '0000-00-00 00:00:00', '0000-00-00 00:00:00'),
(266, 7, 2022, 'C022', 150000, 'LS', '2022-07-12', '0000-00-00 00:00:00', '0000-00-00 00:00:00'),
(267, 7, 2022, 'C023', 150000, 'LS', '2022-07-07', '0000-00-00 00:00:00', '0000-00-00 00:00:00'),
(268, 7, 2022, 'C024', 150000, 'LS', '2022-07-05', '0000-00-00 00:00:00', '0000-00-00 00:00:00'),
(269, 7, 2022, 'C025', 150000, 'LS', '2022-07-12', '0000-00-00 00:00:00', '0000-00-00 00:00:00'),
(270, 8, 2022, 'C001', 50000, 'LS', '2022-08-10', '0000-00-00 00:00:00', '0000-00-00 00:00:00'),
(271, 8, 2022, 'C002', 150000, 'LS', '2022-08-12', '0000-00-00 00:00:00', '0000-00-00 00:00:00'),
(272, 8, 2022, 'C003', 100000, 'LS', '2022-08-10', '0000-00-00 00:00:00', '0000-00-00 00:00:00'),
(273, 8, 2022, 'C004', 150000, 'LS', '2022-08-13', '0000-00-00 00:00:00', '0000-00-00 00:00:00'),
(274, 8, 2022, 'C005', 150000, 'LS', '2022-08-19', '0000-00-00 00:00:00', '0000-00-00 00:00:00'),
(275, 8, 2022, 'C006', 150000, 'LS', '2022-08-19', '0000-00-00 00:00:00', '0000-00-00 00:00:00'),
(276, 8, 2022, 'C008', 150000, 'LS', '2022-08-09', '0000-00-00 00:00:00', '0000-00-00 00:00:00'),
(277, 8, 2022, 'C009', 150000, 'LS', '2022-08-09', '0000-00-00 00:00:00', '0000-00-00 00:00:00'),
(278, 8, 2022, 'C010', 150000, 'LS', '2022-08-09', '0000-00-00 00:00:00', '0000-00-00 00:00:00'),
(279, 8, 2022, 'C011', 150000, 'LS', '2022-08-23', '0000-00-00 00:00:00', '0000-00-00 00:00:00'),
(280, 8, 2022, 'C012', 150000, 'LS', '2022-08-29', '0000-00-00 00:00:00', '0000-00-00 00:00:00'),
(281, 8, 2022, 'C013', 100000, 'LS', '2022-08-10', '0000-00-00 00:00:00', '0000-00-00 00:00:00'),
(282, 8, 2022, 'C014', 100000, 'LS', '2022-08-15', '0000-00-00 00:00:00', '0000-00-00 00:00:00'),
(283, 8, 2022, 'C015', 150000, 'LS', '2022-08-01', '0000-00-00 00:00:00', '0000-00-00 00:00:00'),
(284, 8, 2022, 'C016', 150000, 'LS', '2022-08-20', '0000-00-00 00:00:00', '0000-00-00 00:00:00'),
(285, 8, 2022, 'C017', 150000, 'LS', '2022-08-24', '0000-00-00 00:00:00', '0000-00-00 00:00:00'),
(286, 8, 2022, 'C018', 150000, 'LS', '2022-08-02', '0000-00-00 00:00:00', '0000-00-00 00:00:00'),
(287, 8, 2022, 'C019', 150000, 'LS', '2022-08-20', '0000-00-00 00:00:00', '0000-00-00 00:00:00'),
(288, 8, 2022, 'C020', 150000, 'LS', '2022-08-07', '0000-00-00 00:00:00', '0000-00-00 00:00:00'),
(289, 8, 2022, 'C021', 150000, 'LS', '2022-08-03', '0000-00-00 00:00:00', '0000-00-00 00:00:00'),
(290, 8, 2022, 'C022', 150000, 'LS', '2022-08-12', '0000-00-00 00:00:00', '0000-00-00 00:00:00'),
(291, 8, 2022, 'C023', 150000, 'LS', '2022-08-07', '0000-00-00 00:00:00', '0000-00-00 00:00:00'),
(292, 8, 2022, 'C024', 150000, 'LS', '2022-08-05', '0000-00-00 00:00:00', '0000-00-00 00:00:00'),
(293, 8, 2022, 'C025', 150000, 'LS', '2022-08-12', '0000-00-00 00:00:00', '0000-00-00 00:00:00'),
(294, 9, 2022, 'C001', 50000, 'LS', '2022-09-10', '0000-00-00 00:00:00', '0000-00-00 00:00:00'),
(295, 9, 2022, 'C002', 150000, 'LS', '2022-09-12', '0000-00-00 00:00:00', '0000-00-00 00:00:00'),
(296, 9, 2022, 'C003', 100000, 'LS', '2022-09-10', '0000-00-00 00:00:00', '0000-00-00 00:00:00'),
(297, 9, 2022, 'C004', 150000, 'LS', '2022-09-13', '0000-00-00 00:00:00', '0000-00-00 00:00:00'),
(298, 9, 2022, 'C005', 150000, 'LS', '2022-09-19', '0000-00-00 00:00:00', '0000-00-00 00:00:00'),
(299, 9, 2022, 'C006', 150000, 'LS', '2022-09-19', '0000-00-00 00:00:00', '0000-00-00 00:00:00'),
(300, 9, 2022, 'C008', 150000, 'LS', '2022-09-09', '0000-00-00 00:00:00', '0000-00-00 00:00:00'),
(301, 9, 2022, 'C009', 150000, 'LS', '2022-09-09', '0000-00-00 00:00:00', '0000-00-00 00:00:00'),
(302, 9, 2022, 'C010', 150000, 'LS', '2022-09-09', '0000-00-00 00:00:00', '0000-00-00 00:00:00'),
(303, 9, 2022, 'C012', 150000, 'LS', '2022-09-23', '0000-00-00 00:00:00', '0000-00-00 00:00:00'),
(304, 9, 2022, 'C013', 100000, 'LS', '2022-09-29', '0000-00-00 00:00:00', '0000-00-00 00:00:00'),
(305, 9, 2022, 'C014', 100000, 'LS', '2022-09-15', '0000-00-00 00:00:00', '0000-00-00 00:00:00'),
(306, 9, 2022, 'C015', 150000, 'LS', '2022-09-01', '0000-00-00 00:00:00', '0000-00-00 00:00:00'),
(307, 9, 2022, 'C016', 150000, 'LS', '2022-09-20', '0000-00-00 00:00:00', '0000-00-00 00:00:00'),
(308, 9, 2022, 'C017', 150000, 'LS', '2022-09-24', '0000-00-00 00:00:00', '0000-00-00 00:00:00'),
(309, 9, 2022, 'C018', 150000, 'LS', '2022-09-02', '0000-00-00 00:00:00', '0000-00-00 00:00:00'),
(310, 9, 2022, 'C019', 150000, 'LS', '2022-09-20', '0000-00-00 00:00:00', '0000-00-00 00:00:00'),
(311, 9, 2022, 'C020', 150000, 'LS', '2022-09-07', '0000-00-00 00:00:00', '0000-00-00 00:00:00'),
(312, 9, 2022, 'C021', 150000, 'LS', '2022-09-03', '0000-00-00 00:00:00', '0000-00-00 00:00:00'),
(313, 9, 2022, 'C022', 150000, 'LS', '2022-09-12', '0000-00-00 00:00:00', '0000-00-00 00:00:00'),
(314, 9, 2022, 'C023', 150000, 'LS', '2022-09-07', '0000-00-00 00:00:00', '0000-00-00 00:00:00'),
(315, 9, 2022, 'C024', 150000, 'LS', '2022-09-05', '0000-00-00 00:00:00', '0000-00-00 00:00:00'),
(316, 9, 2022, 'C025', 150000, 'LS', '2022-09-12', '0000-00-00 00:00:00', '0000-00-00 00:00:00'),
(317, 9, 2022, 'C026', 150000, 'LS', '2022-09-06', '0000-00-00 00:00:00', '0000-00-00 00:00:00'),
(318, 9, 2022, 'C027', 150000, 'LS', '2022-09-13', '0000-00-00 00:00:00', '0000-00-00 00:00:00'),
(319, 10, 2022, 'C001', 50000, 'LS', '2022-10-10', '0000-00-00 00:00:00', '0000-00-00 00:00:00'),
(320, 10, 2022, 'C002', 150000, 'LS', '2022-10-12', '0000-00-00 00:00:00', '0000-00-00 00:00:00'),
(321, 10, 2022, 'C003', 100000, 'LS', '2022-12-04', '0000-00-00 00:00:00', '0000-00-00 00:00:00'),
(322, 10, 2022, 'C004', 150000, 'LS', '2022-10-13', '0000-00-00 00:00:00', '0000-00-00 00:00:00'),
(323, 10, 2022, 'C005', 150000, 'LS', '2022-10-19', '0000-00-00 00:00:00', '0000-00-00 00:00:00'),
(324, 10, 2022, 'C006', 150000, 'LS', '2022-10-19', '0000-00-00 00:00:00', '0000-00-00 00:00:00'),
(325, 10, 2022, 'C008', 150000, 'LS', '2022-10-09', '0000-00-00 00:00:00', '0000-00-00 00:00:00'),
(326, 10, 2022, 'C009', 150000, 'LS', '2022-10-09', '0000-00-00 00:00:00', '0000-00-00 00:00:00'),
(327, 10, 2022, 'C010', 150000, 'LS', '2022-10-09', '0000-00-00 00:00:00', '0000-00-00 00:00:00'),
(328, 10, 2022, 'C012', 150000, 'LS', '2022-10-23', '0000-00-00 00:00:00', '0000-00-00 00:00:00'),
(329, 10, 2022, 'C013', 100000, 'LS', '2022-10-29', '0000-00-00 00:00:00', '0000-00-00 00:00:00'),
(330, 10, 2022, 'C014', 100000, 'LS', '2022-10-15', '0000-00-00 00:00:00', '0000-00-00 00:00:00'),
(331, 10, 2022, 'C015', 150000, 'LS', '2022-10-01', '0000-00-00 00:00:00', '0000-00-00 00:00:00'),
(332, 10, 2022, 'C016', 150000, 'LS', '2022-10-20', '0000-00-00 00:00:00', '0000-00-00 00:00:00'),
(333, 10, 2022, 'C017', 150000, 'LS', '2022-10-24', '0000-00-00 00:00:00', '0000-00-00 00:00:00'),
(334, 10, 2022, 'C018', 150000, 'LS', '2022-10-02', '0000-00-00 00:00:00', '0000-00-00 00:00:00'),
(335, 10, 2022, 'C019', 150000, 'LS', '2022-10-20', '0000-00-00 00:00:00', '0000-00-00 00:00:00'),
(336, 10, 2022, 'C020', 150000, 'LS', '2022-10-07', '0000-00-00 00:00:00', '0000-00-00 00:00:00'),
(337, 10, 2022, 'C021', 150000, 'LS', '2022-10-03', '0000-00-00 00:00:00', '0000-00-00 00:00:00'),
(338, 10, 2022, 'C022', 150000, 'LS', '2022-10-12', '0000-00-00 00:00:00', '0000-00-00 00:00:00'),
(339, 10, 2022, 'C023', 150000, 'LS', '2022-10-07', '0000-00-00 00:00:00', '0000-00-00 00:00:00'),
(340, 10, 2022, 'C024', 150000, 'LS', '2022-10-05', '0000-00-00 00:00:00', '0000-00-00 00:00:00'),
(341, 10, 2022, 'C025', 150000, 'LS', '2022-10-12', '0000-00-00 00:00:00', '0000-00-00 00:00:00'),
(342, 10, 2022, 'C026', 150000, 'LS', '2022-10-06', '0000-00-00 00:00:00', '0000-00-00 00:00:00'),
(343, 10, 2022, 'C027', 150000, 'LS', '2022-10-13', '0000-00-00 00:00:00', '0000-00-00 00:00:00'),
(344, 10, 2022, 'C028', 150000, 'LS', '2022-10-10', '0000-00-00 00:00:00', '0000-00-00 00:00:00'),
(345, 10, 2022, 'C029', 150000, 'LS', '2022-10-25', '0000-00-00 00:00:00', '0000-00-00 00:00:00'),
(346, 11, 2022, 'C001', 50000, 'LS', '2022-11-11', '0000-00-00 00:00:00', '0000-00-00 00:00:00'),
(347, 11, 2022, 'C002', 150000, 'LS', '2022-11-10', '0000-00-00 00:00:00', '0000-00-00 00:00:00'),
(348, 11, 2022, 'C008', 150000, 'LS', '2022-11-12', '0000-00-00 00:00:00', '0000-00-00 00:00:00'),
(349, 11, 2022, 'C010', 150000, 'LS', '2022-11-04', '0000-00-00 00:00:00', '0000-00-00 00:00:00'),
(350, 11, 2022, 'C014', 100000, 'LS', '2022-11-05', '0000-00-00 00:00:00', '0000-00-00 00:00:00'),
(351, 11, 2022, 'C015', 150000, 'LS', '2022-11-04', '0000-00-00 00:00:00', '0000-00-00 00:00:00'),
(352, 11, 2022, 'C016', 150000, 'LS', '2022-11-13', '0000-00-00 00:00:00', '0000-00-00 00:00:00'),
(353, 11, 2022, 'C018', 150000, 'LS', '2022-11-04', '0000-00-00 00:00:00', '0000-00-00 00:00:00'),
(354, 11, 2022, 'C019', 150000, 'LS', '2022-11-02', '0000-00-00 00:00:00', '0000-00-00 00:00:00'),
(355, 11, 2022, 'C020', 150000, 'LS', '2022-11-07', '0000-00-00 00:00:00', '0000-00-00 00:00:00'),
(356, 11, 2022, 'C021', 150000, 'LS', '2022-11-13', '0000-00-00 00:00:00', '0000-00-00 00:00:00'),
(357, 11, 2022, 'C022', 150000, 'LS', '2022-11-13', '0000-00-00 00:00:00', '0000-00-00 00:00:00'),
(358, 11, 2022, 'C024', 150000, 'LS', '2022-11-08', '0000-00-00 00:00:00', '0000-00-00 00:00:00'),
(359, 11, 2022, 'C026', 150000, 'LS', '2022-11-12', '0000-00-00 00:00:00', '0000-00-00 00:00:00'),
(360, 11, 2022, 'C027', 150000, 'LS', '2022-11-12', '0000-00-00 00:00:00', '0000-00-00 00:00:00'),
(361, 11, 2022, 'C028', 150000, 'LS', '2022-11-13', '0000-00-00 00:00:00', '0000-00-00 00:00:00'),
(362, 11, 2022, 'C030', 150000, 'LS', '2022-11-01', '0000-00-00 00:00:00', '0000-00-00 00:00:00'),
(363, 11, 2022, 'C025', 150000, 'LS', '2022-11-16', '0000-00-00 00:00:00', '0000-00-00 00:00:00'),
(364, 11, 2022, 'C006', 150000, 'LS', '2022-11-17', '0000-00-00 00:00:00', '0000-00-00 00:00:00'),
(365, 11, 2022, 'C031', 150000, 'LS', '2022-11-17', '0000-00-00 00:00:00', '0000-00-00 00:00:00'),
(366, 11, 2022, 'C032', 150000, 'LS', '2022-11-19', '0000-00-00 00:00:00', '0000-00-00 00:00:00'),
(367, 11, 2022, 'C009', 150000, 'LS', '2022-11-20', '0000-00-00 00:00:00', '0000-00-00 00:00:00'),
(368, 11, 2022, 'C005', 150000, 'LS', '2022-11-24', '0000-00-00 00:00:00', '0000-00-00 00:00:00'),
(369, 11, 2022, 'C004', 150000, 'LS', '2022-11-25', '0000-00-00 00:00:00', '0000-00-00 00:00:00'),
(370, 11, 2022, 'C029', 150000, 'LS', '2022-11-26', '0000-00-00 00:00:00', '0000-00-00 00:00:00'),
(371, 11, 2022, 'C033', 100000, 'LS', '2022-11-27', '0000-00-00 00:00:00', '0000-00-00 00:00:00'),
(372, 11, 2022, 'C017', 150000, 'LS', '2022-11-27', '0000-00-00 00:00:00', '0000-00-00 00:00:00'),
(373, 11, 2022, 'C012', 150000, 'LS', '2022-12-02', '0000-00-00 00:00:00', '0000-00-00 00:00:00'),
(374, 12, 2022, 'C015', 150000, 'LS', '2022-12-02', '0000-00-00 00:00:00', '0000-00-00 00:00:00'),
(375, 12, 2022, 'C030', 150000, 'LS', '2022-12-03', '0000-00-00 00:00:00', '0000-00-00 00:00:00'),
(376, 12, 2022, 'C001', 50000, 'LS', '2022-12-05', '0000-00-00 00:00:00', '0000-00-00 00:00:00'),
(377, 12, 2022, 'C010', 150000, 'LS', '2022-12-10', '0000-00-00 00:00:00', '0000-00-00 00:00:00'),
(378, 12, 2022, 'C034', 150000, 'LS', '2022-12-10', '0000-00-00 00:00:00', '0000-00-00 00:00:00'),
(379, 12, 2022, 'C002', 150000, 'LS', '2022-12-10', '0000-00-00 00:00:00', '0000-00-00 00:00:00'),
(380, 10, 2022, 'C011', 150000, 'LS', '2022-12-10', '0000-00-00 00:00:00', '0000-00-00 00:00:00'),
(381, 11, 2022, 'C011', 150000, 'LS', '2022-12-10', '0000-00-00 00:00:00', '0000-00-00 00:00:00'),
(382, 12, 2022, 'C021', 150000, 'LS', '2022-12-10', '0000-00-00 00:00:00', '0000-00-00 00:00:00'),
(383, 12, 2022, 'C020', 150000, 'LS', '2022-12-12', '0000-00-00 00:00:00', '0000-00-00 00:00:00'),
(384, 12, 2022, 'C027', 150000, 'LS', '2022-12-12', '0000-00-00 00:00:00', '0000-00-00 00:00:00'),
(385, 12, 2022, 'C026', 150000, 'LS', '2022-12-12', '0000-00-00 00:00:00', '0000-00-00 00:00:00'),
(386, 12, 2022, 'C025', 150000, 'LS', '2022-12-14', '0000-00-00 00:00:00', '0000-00-00 00:00:00'),
(387, 12, 2022, 'C022', 150000, 'LS', '2022-12-14', '0000-00-00 00:00:00', '0000-00-00 00:00:00'),
(388, 12, 2022, 'C028', 150000, 'LS', '2022-12-14', '0000-00-00 00:00:00', '0000-00-00 00:00:00'),
(389, 12, 2022, 'C006', 150000, 'LS', '2022-12-15', '0000-00-00 00:00:00', '0000-00-00 00:00:00'),
(390, 12, 2022, 'C031', 150000, 'LS', '2022-12-16', '0000-00-00 00:00:00', '0000-00-00 00:00:00'),
(391, 12, 2022, 'C009', 150000, 'LS', '2022-12-16', '0000-00-00 00:00:00', '0000-00-00 00:00:00'),
(392, 12, 2022, 'C024', 150000, 'LS', '2022-12-16', '0000-00-00 00:00:00', '0000-00-00 00:00:00'),
(393, 12, 2022, 'C032', 150000, 'LS', '2022-12-17', '0000-00-00 00:00:00', '0000-00-00 00:00:00'),
(394, 12, 2022, 'C018', 150000, 'LS', '2022-12-19', '0000-00-00 00:00:00', '0000-00-00 00:00:00'),
(395, 12, 2022, 'C014', 100000, 'LS', '2022-12-19', '0000-00-00 00:00:00', '0000-00-00 00:00:00'),
(396, 12, 2022, 'C017', 150000, 'LS', '2022-12-26', '0000-00-00 00:00:00', '0000-00-00 00:00:00'),
(397, 12, 2022, 'C005', 150000, 'LS', '2022-12-27', '0000-00-00 00:00:00', '0000-00-00 00:00:00'),
(398, 12, 2022, 'C029', 150000, 'LS', '2022-12-27', '0000-00-00 00:00:00', '0000-00-00 00:00:00'),
(399, 12, 2022, 'C004', 150000, 'LS', '2022-12-27', '0000-00-00 00:00:00', '0000-00-00 00:00:00'),
(400, 12, 2022, 'C012', 150000, 'LS', '2023-01-01', '0000-00-00 00:00:00', '0000-00-00 00:00:00'),
(401, 1, 2023, 'C015', 150000, 'LS', '2023-02-01', '0000-00-00 00:00:00', '0000-00-00 00:00:00'),
(402, 1, 2023, 'C035', 150000, 'LS', '2023-01-04', '0000-00-00 00:00:00', '0000-00-00 00:00:00'),
(403, 12, 2022, 'C033', 100000, 'LS', '2023-01-05', '0000-00-00 00:00:00', '0000-00-00 00:00:00'),
(404, 1, 2023, 'C014', 100000, 'LS', '2023-01-05', '0000-00-00 00:00:00', '0000-00-00 00:00:00'),
(405, 1, 2023, 'C003', 100000, 'LS', '2023-01-05', '0000-00-00 00:00:00', '0000-00-00 00:00:00'),
(406, 1, 2023, 'C034', 150000, 'LS', '2023-01-08', '0000-00-00 00:00:00', '0000-00-00 00:00:00'),
(407, 1, 2023, 'C010', 150000, 'LS', '2023-01-08', '0000-00-00 00:00:00', '0000-00-00 00:00:00'),
(408, 12, 2022, 'C008', 150000, 'LS', '2023-01-09', '0000-00-00 00:00:00', '0000-00-00 00:00:00'),
(409, 1, 2023, 'C008', 150000, 'LS', '2023-01-09', '0000-00-00 00:00:00', '0000-00-00 00:00:00'),
(410, 1, 2023, 'C001', 50000, 'LS', '2023-01-09', '0000-00-00 00:00:00', '0000-00-00 00:00:00'),
(411, 1, 2023, 'C002', 150000, 'LS', '2023-01-13', '0000-00-00 00:00:00', '0000-00-00 00:00:00'),
(412, 1, 2023, 'C022', 150000, 'LS', '2023-01-13', '0000-00-00 00:00:00', '0000-00-00 00:00:00'),
(413, 1, 2023, 'C027', 150000, 'LS', '2023-01-13', '0000-00-00 00:00:00', '0000-00-00 00:00:00'),
(414, 1, 2023, 'C028', 150000, 'LS', '2023-01-13', '0000-00-00 00:00:00', '0000-00-00 00:00:00'),
(415, 1, 2023, 'C018', 150000, 'LS', '2023-01-13', '0000-00-00 00:00:00', '0000-00-00 00:00:00'),
(416, 1, 2023, 'C025', 150000, 'LS', '2023-01-13', '0000-00-00 00:00:00', '0000-00-00 00:00:00'),
(417, 1, 2023, 'C026', 150000, 'LS', '2023-01-14', '0000-00-00 00:00:00', '0000-00-00 00:00:00'),
(418, 1, 2023, 'C021', 150000, 'LS', '2023-01-14', '0000-00-00 00:00:00', '0000-00-00 00:00:00'),
(419, 1, 2023, 'C009', 150000, 'LS', '2023-01-14', '0000-00-00 00:00:00', '0000-00-00 00:00:00'),
(420, 1, 2023, 'C006', 150000, 'LS', '2023-01-15', '0000-00-00 00:00:00', '0000-00-00 00:00:00'),
(421, 1, 2023, 'C031', 150000, 'LS', '2023-01-16', '0000-00-00 00:00:00', '0000-00-00 00:00:00'),
(422, 1, 2023, 'C005', 150000, 'LS', '2023-01-21', '0000-00-00 00:00:00', '0000-00-00 00:00:00'),
(423, 1, 2022, 'C016', 150000, 'LS', '2023-01-21', '0000-00-00 00:00:00', '0000-00-00 00:00:00'),
(424, 1, 2023, 'C016', 150000, 'LS', '2023-01-21', '0000-00-00 00:00:00', '0000-00-00 00:00:00'),
(425, 1, 2023, 'C004', 150000, 'LS', '2023-01-21', '0000-00-00 00:00:00', '0000-00-00 00:00:00'),
(426, 1, 2023, 'C032', 150000, 'LS', '2023-01-21', '0000-00-00 00:00:00', '0000-00-00 00:00:00'),
(427, 1, 2023, 'C020', 150000, 'LS', '2023-01-24', '0000-00-00 00:00:00', '0000-00-00 00:00:00'),
(428, 1, 2023, 'C029', 150000, 'LS', '2023-01-26', '0000-00-00 00:00:00', '0000-00-00 00:00:00'),
(429, 1, 2023, 'C017', 150000, 'LS', '2023-01-27', '0000-00-00 00:00:00', '0000-00-00 00:00:00'),
(430, 1, 2023, 'C036', 150000, 'LS', '2023-01-28', '0000-00-00 00:00:00', '0000-00-00 00:00:00'),
(431, 11, 2022, 'C011', 150000, 'LS', '2023-02-03', '0000-00-00 00:00:00', '0000-00-00 00:00:00'),
(432, 2, 2023, 'C004', 150000, 'LS', '2023-02-03', '0000-00-00 00:00:00', '0000-00-00 00:00:00'),
(433, 1, 2023, 'C012', 150000, 'LS', '2023-02-04', '0000-00-00 00:00:00', '0000-00-00 00:00:00'),
(434, 2, 2023, 'C018', 150000, 'LS', '2023-02-04', '0000-00-00 00:00:00', '0000-00-00 00:00:00'),
(435, 1, 2023, 'C033', 100000, 'LS', '2023-02-04', '0000-00-00 00:00:00', '0000-00-00 00:00:00'),
(436, 2, 2023, 'C014', 100000, 'LS', '2023-02-04', '0000-00-00 00:00:00', '0000-00-00 00:00:00'),
(437, 2, 2023, 'C015', 150000, 'LS', '2023-02-04', '0000-00-00 00:00:00', '0000-00-00 00:00:00'),
(438, 2, 2023, 'C001', 50000, 'LS', '2023-02-04', '0000-00-00 00:00:00', '0000-00-00 00:00:00'),
(439, 2, 2023, 'C003', 100000, 'LS', '2023-02-05', '0000-00-00 00:00:00', '0000-00-00 00:00:00'),
(440, 1, 2023, 'C030', 150000, 'LS', '2023-02-05', '0000-00-00 00:00:00', '0000-00-00 00:00:00'),
(441, 2, 2023, 'C010', 150000, 'LS', '2023-02-11', '0000-00-00 00:00:00', '0000-00-00 00:00:00'),
(442, 2, 2023, 'C002', 150000, 'LS', '2023-02-11', '0000-00-00 00:00:00', '0000-00-00 00:00:00'),
(443, 2, 2023, 'C034', 150000, 'LS', '2023-02-11', '0000-00-00 00:00:00', '0000-00-00 00:00:00'),
(444, 2, 2023, 'C028', 150000, 'LS', '2023-02-12', '0000-00-00 00:00:00', '0000-00-00 00:00:00'),
(445, 2, 2023, 'C026', 150000, 'LS', '2023-02-13', '0000-00-00 00:00:00', '0000-00-00 00:00:00'),
(446, 2, 2023, 'C031', 150000, 'LS', '2023-02-16', '0000-00-00 00:00:00', '0000-00-00 00:00:00'),
(447, 2, 2023, 'C008', 150000, 'LS', '2023-02-16', '0000-00-00 00:00:00', '0000-00-00 00:00:00'),
(448, 2, 2023, 'C006', 150000, 'LS', '2023-02-16', '0000-00-00 00:00:00', '0000-00-00 00:00:00'),
(449, 2, 2023, 'C025', 150000, 'LS', '2023-02-13', '0000-00-00 00:00:00', '0000-00-00 00:00:00'),
(450, 2, 2023, 'C027', 150000, 'LS', '2023-02-18', '0000-00-00 00:00:00', '0000-00-00 00:00:00'),
(451, 2, 2023, 'C022', 150000, 'LS', '2023-02-18', '0000-00-00 00:00:00', '0000-00-00 00:00:00'),
(452, 2, 2023, 'C009', 150000, 'LS', '2023-02-18', '0000-00-00 00:00:00', '0000-00-00 00:00:00'),
(453, 2, 2023, 'C043', 150000, 'LS', '2023-02-15', '0000-00-00 00:00:00', '0000-00-00 00:00:00'),
(454, 2, 2023, 'C032', 150000, 'LS', '2023-02-19', '0000-00-00 00:00:00', '0000-00-00 00:00:00'),
(455, 2, 2023, 'C005', 150000, 'LS', '2023-02-19', '0000-00-00 00:00:00', '0000-00-00 00:00:00'),
(456, 2, 2023, 'C017', 150000, 'LS', '2023-02-25', '0000-00-00 00:00:00', '0000-00-00 00:00:00'),
(457, 2, 2023, 'C020', 150000, 'LS', '2023-02-26', '0000-00-00 00:00:00', '0000-00-00 00:00:00'),
(458, 2, 2023, 'C028', 150000, 'LS', '2023-02-27', '0000-00-00 00:00:00', '0000-00-00 00:00:00'),
(459, 2, 2023, 'C036', 150000, 'LS', '2023-02-28', '0000-00-00 00:00:00', '0000-00-00 00:00:00'),
(460, 3, 2023, 'C004', 150000, 'LS', '2023-02-28', '0000-00-00 00:00:00', '0000-00-00 00:00:00'),
(461, 2, 2023, 'C021', 150000, 'LS', '2023-03-02', '0000-00-00 00:00:00', '0000-00-00 00:00:00'),
(462, 3, 2023, 'C021', 150000, 'LS', '2023-03-02', '0000-00-00 00:00:00', '0000-00-00 00:00:00'),
(463, 2, 2023, 'C012', 150000, 'LS', '2023-03-03', '0000-00-00 00:00:00', '0000-00-00 00:00:00'),
(464, 3, 2023, 'C015', 150000, 'LS', '2023-03-03', '0000-00-00 00:00:00', '0000-00-00 00:00:00'),
(465, 2, 2023, 'C035', 150000, 'LS', '2023-03-05', '0000-00-00 00:00:00', '0000-00-00 00:00:00'),
(466, 3, 2023, 'C034', 150000, 'LS', '2023-03-05', '0000-00-00 00:00:00', '0000-00-00 00:00:00'),
(467, 3, 2023, 'C028', 150000, 'LS', '2023-03-05', '0000-00-00 00:00:00', '0000-00-00 00:00:00'),
(468, 2, 2023, 'C030', 150000, 'LS', '2023-03-08', '0000-00-00 00:00:00', '0000-00-00 00:00:00'),
(469, 3, 2023, 'C026', 150000, 'LS', '2023-03-12', '0000-00-00 00:00:00', '0000-00-00 00:00:00'),
(470, 3, 2023, 'C043', 150000, 'LS', '2023-03-14', '0000-00-00 00:00:00', '0000-00-00 00:00:00'),
(471, 3, 2023, 'C022', 150000, 'LS', '2023-03-14', '0000-00-00 00:00:00', '0000-00-00 00:00:00'),
(472, 3, 2023, 'C006', 150000, 'LS', '2023-03-15', '0000-00-00 00:00:00', '0000-00-00 00:00:00'),
(473, 3, 2023, 'C010', 150000, 'LS', '2023-03-17', '0000-00-00 00:00:00', '0000-00-00 00:00:00'),
(474, 3, 2023, 'C025', 150000, 'LS', '2023-03-17', '0000-00-00 00:00:00', '0000-00-00 00:00:00'),
(475, 3, 2023, 'C002', 150000, 'LS', '2023-03-17', '0000-00-00 00:00:00', '0000-00-00 00:00:00'),
(476, 3, 2023, 'C027', 150000, 'LS', '2023-03-17', '0000-00-00 00:00:00', '0000-00-00 00:00:00'),
(477, 3, 2023, 'C018', 150000, 'LS', '2023-03-17', '0000-00-00 00:00:00', '0000-00-00 00:00:00'),
(478, 3, 2023, 'C031', 150000, 'LS', '2023-03-17', '0000-00-00 00:00:00', '0000-00-00 00:00:00'),
(479, 3, 2023, 'C009', 150000, 'LS', '2023-03-18', '0000-00-00 00:00:00', '0000-00-00 00:00:00'),
(480, 12, 2022, 'C011', 150000, 'LS', '2023-03-18', '0000-00-00 00:00:00', '0000-00-00 00:00:00'),
(481, 3, 2023, 'C005', 150000, 'LS', '2023-03-19', '0000-00-00 00:00:00', '0000-00-00 00:00:00'),
(482, 2, 2023, 'C033', 100000, 'LS', '2023-03-22', '0000-00-00 00:00:00', '0000-00-00 00:00:00'),
(483, 3, 2023, 'C001', 50000, 'LS', '2023-03-22', '0000-00-00 00:00:00', '0000-00-00 00:00:00'),
(484, 3, 2023, 'C008', 150000, 'LS', '2023-03-23', '0000-00-00 00:00:00', '0000-00-00 00:00:00'),
(485, 3, 2023, 'C017', 150000, 'LS', '2023-03-23', '0000-00-00 00:00:00', '0000-00-00 00:00:00'),
(486, 3, 2023, 'C032', 150000, 'LS', '2023-03-23', '0000-00-00 00:00:00', '0000-00-00 00:00:00'),
(487, 3, 2023, 'C020', 150000, 'LS', '2023-03-23', '0000-00-00 00:00:00', '0000-00-00 00:00:00'),
(488, 3, 2023, 'C033', 100000, 'LS', '2023-03-23', '0000-00-00 00:00:00', '0000-00-00 00:00:00'),
(489, 3, 2023, 'C014', 100000, 'LS', '2023-03-23', '0000-00-00 00:00:00', '0000-00-00 00:00:00'),
(490, 3, 2023, 'C036', 150000, 'LS', '2023-03-28', '0000-00-00 00:00:00', '0000-00-00 00:00:00'),
(491, 3, 2023, 'C029', 150000, 'LS', '2023-03-31', '0000-00-00 00:00:00', '0000-00-00 00:00:00'),
(492, 3, 2023, 'C012', 150000, 'LS', '2023-04-03', '0000-00-00 00:00:00', '0000-00-00 00:00:00'),
(493, 3, 2023, 'C030', 150000, 'LS', '2023-04-03', '0000-00-00 00:00:00', '0000-00-00 00:00:00'),
(494, 3, 2023, 'C003', 100000, 'LS', '2023-04-07', '0000-00-00 00:00:00', '0000-00-00 00:00:00'),
(495, 4, 2023, 'C003', 100000, 'LS', '2023-04-07', '0000-00-00 00:00:00', '0000-00-00 00:00:00'),
(496, 4, 2023, 'C010', 150000, 'LS', '2023-04-07', '0000-00-00 00:00:00', '0000-00-00 00:00:00'),
(497, 4, 2023, 'C035', 150000, 'LS', '2023-04-07', '0000-00-00 00:00:00', '0000-00-00 00:00:00'),
(498, 4, 2023, 'C034', 150000, 'LS', '2023-04-07', '0000-00-00 00:00:00', '0000-00-00 00:00:00'),
(499, 4, 2023, 'C015', 150000, 'LS', '2023-04-07', '0000-00-00 00:00:00', '0000-00-00 00:00:00'),
(500, 4, 2023, 'C020', 150000, 'LS', '2023-04-08', '0000-00-00 00:00:00', '0000-00-00 00:00:00'),
(501, 4, 2023, 'C028', 150000, 'LS', '2023-04-10', '0000-00-00 00:00:00', '0000-00-00 00:00:00'),
(502, 4, 2023, 'C001', 50000, 'LS', '2023-04-10', '0000-00-00 00:00:00', '0000-00-00 00:00:00'),
(503, 4, 2023, 'C006', 150000, 'LS', '2023-04-13', '0000-00-00 00:00:00', '0000-00-00 00:00:00'),
(504, 4, 2023, 'C002', 150000, 'LS', '2023-04-13', '0000-00-00 00:00:00', '0000-00-00 00:00:00'),
(505, 4, 2023, 'C022', 150000, 'LS', '2023-04-15', '0000-00-00 00:00:00', '0000-00-00 00:00:00'),
(506, 4, 2023, 'C025', 150000, 'LS', '2023-04-15', '0000-00-00 00:00:00', '0000-00-00 00:00:00'),
(507, 4, 2023, 'C027', 150000, 'LS', '2023-04-15', '0000-00-00 00:00:00', '0000-00-00 00:00:00'),
(508, 4, 2023, 'C043', 150000, 'LS', '2023-04-16', '0000-00-00 00:00:00', '0000-00-00 00:00:00'),
(509, 4, 2023, 'C009', 150000, 'LS', '2023-04-16', '0000-00-00 00:00:00', '0000-00-00 00:00:00'),
(510, 4, 2023, 'C031', 150000, 'LS', '2023-04-16', '0000-00-00 00:00:00', '0000-00-00 00:00:00'),
(511, 4, 2023, 'C033', 100000, 'LS', '2023-04-17', '0000-00-00 00:00:00', '0000-00-00 00:00:00'),
(512, 4, 2023, 'C014', 100000, 'LS', '2023-04-17', '0000-00-00 00:00:00', '0000-00-00 00:00:00'),
(513, 4, 2023, 'C032', 150000, 'LS', '2023-04-18', '0000-00-00 00:00:00', '0000-00-00 00:00:00'),
(514, 4, 2023, 'C005', 150000, 'LS', '2023-04-21', '0000-00-00 00:00:00', '0000-00-00 00:00:00'),
(515, 1, 2023, 'C011', 150000, 'LS', '2023-04-22', '0000-00-00 00:00:00', '0000-00-00 00:00:00'),
(516, 4, 2023, 'C017', 150000, 'LS', '2023-04-22', '0000-00-00 00:00:00', '0000-00-00 00:00:00'),
(517, 4, 2023, 'C026', 150000, 'LS', '2023-04-23', '0000-00-00 00:00:00', '0000-00-00 00:00:00'),
(518, 4, 2023, 'C004', 150000, 'LS', '2023-04-26', '0000-00-00 00:00:00', '0000-00-00 00:00:00'),
(519, 4, 2023, 'C017', 150000, 'LS', '2023-04-26', '0000-00-00 00:00:00', '0000-00-00 00:00:00');
INSERT INTO `tagihan` (`id`, `bulan`, `tahun`, `id_pelanggan`, `tagihan`, `status`, `tgl_bayar`, `created_at`, `updated_at`) VALUES
(520, 4, 2023, 'C029', 150000, 'LS', '2023-04-29', '0000-00-00 00:00:00', '0000-00-00 00:00:00'),
(521, 4, 2023, 'C036', 150000, 'LS', '2023-05-03', '0000-00-00 00:00:00', '0000-00-00 00:00:00'),
(522, 4, 2023, 'C030', 150000, 'LS', '2023-05-04', '0000-00-00 00:00:00', '0000-00-00 00:00:00'),
(523, 4, 2023, 'C022', 150000, 'LS', '2023-05-05', '0000-00-00 00:00:00', '0000-00-00 00:00:00'),
(524, 5, 2023, 'C022', 150000, 'LS', '2023-05-05', '0000-00-00 00:00:00', '0000-00-00 00:00:00'),
(525, 5, 2023, 'C028', 150000, 'LS', '2023-05-06', '0000-00-00 00:00:00', '0000-00-00 00:00:00'),
(526, 5, 2023, 'C010', 150000, 'LS', '2023-05-09', '0000-00-00 00:00:00', '0000-00-00 00:00:00'),
(527, 5, 2023, 'C015', 150000, 'LS', '2023-05-09', '0000-00-00 00:00:00', '0000-00-00 00:00:00'),
(528, 5, 2023, 'C025', 150000, 'LS', '2023-05-12', '0000-00-00 00:00:00', '0000-00-00 00:00:00'),
(529, 5, 2023, 'C034', 150000, 'LS', '2023-05-12', '0000-00-00 00:00:00', '0000-00-00 00:00:00'),
(530, 5, 2023, 'C043', 150000, 'LS', '2023-05-14', '0000-00-00 00:00:00', '0000-00-00 00:00:00'),
(531, 5, 2023, 'C026', 150000, 'LS', '2023-05-14', '0000-00-00 00:00:00', '0000-00-00 00:00:00'),
(532, 5, 2023, 'C027', 150000, 'LS', '2023-05-14', '0000-00-00 00:00:00', '0000-00-00 00:00:00'),
(533, 5, 2023, 'C002', 150000, 'LS', '2023-05-14', '0000-00-00 00:00:00', '0000-00-00 00:00:00'),
(534, 5, 2023, 'C009', 150000, 'LS', '2023-05-14', '0000-00-00 00:00:00', '0000-00-00 00:00:00'),
(535, 5, 2023, 'C006', 150000, 'LS', '2023-05-14', '0000-00-00 00:00:00', '0000-00-00 00:00:00'),
(536, 5, 2023, 'C031', 150000, 'LS', '2023-05-16', '0000-00-00 00:00:00', '0000-00-00 00:00:00'),
(537, 5, 2023, 'C003', 100000, 'LS', '2023-05-16', '0000-00-00 00:00:00', '0000-00-00 00:00:00'),
(538, 2, 2023, 'C011', 150000, 'LS', '2023-05-16', '0000-00-00 00:00:00', '0000-00-00 00:00:00'),
(539, 5, 2023, 'C032', 150000, 'LS', '2023-05-16', '0000-00-00 00:00:00', '0000-00-00 00:00:00'),
(540, 5, 2023, 'C005', 150000, 'LS', '2023-05-20', '0000-00-00 00:00:00', '0000-00-00 00:00:00'),
(541, 5, 2023, 'C036', 150000, 'LS', '2023-06-01', '0000-00-00 00:00:00', '0000-00-00 00:00:00'),
(542, 5, 2023, 'C030', 150000, 'LS', '2023-06-01', '0000-00-00 00:00:00', '0000-00-00 00:00:00'),
(543, 5, 2023, 'C020', 150000, 'LS', '2023-06-01', '0000-00-00 00:00:00', '0000-00-00 00:00:00'),
(544, 5, 2023, 'C001', 50000, 'LS', '2023-06-01', '0000-00-00 00:00:00', '0000-00-00 00:00:00'),
(545, 4, 2023, 'C012', 150000, 'LS', '2023-06-01', '0000-00-00 00:00:00', '0000-00-00 00:00:00'),
(546, 5, 2023, 'C029', 150000, 'LS', '2023-06-01', '0000-00-00 00:00:00', '0000-00-00 00:00:00'),
(547, 5, 2023, 'C017', 150000, 'LS', '2023-06-01', '0000-00-00 00:00:00', '0000-00-00 00:00:00'),
(548, 5, 2023, 'C022', 150000, 'LS', '2023-06-01', '0000-00-00 00:00:00', '0000-00-00 00:00:00'),
(549, 5, 2023, 'C004', 150000, 'LS', '2023-06-01', '0000-00-00 00:00:00', '0000-00-00 00:00:00'),
(550, 6, 2023, 'C001', 50000, 'LS', '2023-06-01', '0000-00-00 00:00:00', '0000-00-00 00:00:00'),
(551, 4, 2023, 'C008', 150000, 'LS', '2023-06-01', '0000-00-00 00:00:00', '0000-00-00 00:00:00'),
(552, 5, 2023, 'C008', 150000, 'LS', '2023-06-01', '0000-00-00 00:00:00', '0000-00-00 00:00:00'),
(553, 5, 2023, 'C033', 100000, 'LS', '2023-06-01', '0000-00-00 00:00:00', '0000-00-00 00:00:00'),
(554, 5, 2023, 'C014', 100000, 'LS', '2023-06-01', '0000-00-00 00:00:00', '0000-00-00 00:00:00'),
(555, 6, 2023, 'C033', 100000, 'LS', '2023-06-01', '0000-00-00 00:00:00', '0000-00-00 00:00:00'),
(556, 6, 2023, 'C014', 100000, 'LS', '2023-06-01', '0000-00-00 00:00:00', '0000-00-00 00:00:00'),
(557, 5, 2023, 'C012', 150000, 'LS', '2023-06-02', '0000-00-00 00:00:00', '0000-00-00 00:00:00'),
(558, 6, 2023, 'C015', 150000, 'LS', '2023-06-02', '0000-00-00 00:00:00', '0000-00-00 00:00:00'),
(559, 6, 2023, 'C022', 150000, 'LS', '2023-06-05', '0000-00-00 00:00:00', '0000-00-00 00:00:00'),
(560, 6, 2023, 'C028', 180000, 'LS', '2023-06-06', '0000-00-00 00:00:00', '0000-00-00 00:00:00'),
(561, 6, 2023, 'C006', 150000, 'LS', '2023-06-15', '0000-00-00 00:00:00', '0000-00-00 00:00:00'),
(562, 3, 2023, 'C011', 150000, 'LS', '2023-06-15', '0000-00-00 00:00:00', '0000-00-00 00:00:00'),
(563, 3, 2023, 'C035', 150000, 'LS', '2023-06-15', '0000-00-00 00:00:00', '0000-00-00 00:00:00'),
(564, 5, 2023, 'C035', 150000, 'LS', '2023-06-15', '0000-00-00 00:00:00', '0000-00-00 00:00:00'),
(565, 6, 2023, 'C035', 150000, 'LS', '2023-06-15', '0000-00-00 00:00:00', '0000-00-00 00:00:00'),
(566, 5, 2023, 'C017', 150000, 'LS', '2023-06-15', '0000-00-00 00:00:00', '0000-00-00 00:00:00'),
(567, 6, 2023, 'C002', 150000, 'LS', '2023-06-15', '0000-00-00 00:00:00', '0000-00-00 00:00:00'),
(568, 6, 2023, 'C010', 150000, 'LS', '2023-06-15', '0000-00-00 00:00:00', '0000-00-00 00:00:00'),
(569, 6, 2023, 'C034', 150000, 'LS', '2023-06-15', '0000-00-00 00:00:00', '0000-00-00 00:00:00'),
(570, 6, 2023, 'C031', 150000, 'LS', '2023-06-16', '0000-00-00 00:00:00', '0000-00-00 00:00:00'),
(571, 6, 2023, 'C027', 150000, 'LS', '2023-06-17', '0000-00-00 00:00:00', '0000-00-00 00:00:00'),
(572, 6, 2023, 'C022', 150000, 'LS', '2023-06-17', '0000-00-00 00:00:00', '0000-00-00 00:00:00'),
(573, 6, 2023, 'C025', 150000, 'LS', '2023-06-17', '0000-00-00 00:00:00', '0000-00-00 00:00:00'),
(574, 6, 2023, 'C009', 150000, 'LS', '2023-06-23', '0000-00-00 00:00:00', '0000-00-00 00:00:00'),
(575, 6, 2023, 'C026', 150000, 'LS', '2023-06-23', '0000-00-00 00:00:00', '0000-00-00 00:00:00'),
(576, 6, 2023, 'C032', 150000, 'LS', '2023-06-23', '0000-00-00 00:00:00', '0000-00-00 00:00:00'),
(577, 6, 2023, 'C020', 150000, 'LS', '2023-06-24', '0000-00-00 00:00:00', '0000-00-00 00:00:00'),
(578, 6, 2023, 'C005', 150000, 'LS', '2023-06-24', '0000-00-00 00:00:00', '0000-00-00 00:00:00'),
(579, 6, 2023, 'C004', 150000, 'LS', '2023-06-25', '0000-00-00 00:00:00', '0000-00-00 00:00:00'),
(580, 6, 2023, 'C017', 150000, 'LS', '2023-06-26', '0000-00-00 00:00:00', '0000-00-00 00:00:00'),
(581, 6, 2023, 'C003', 100000, 'LS', '2023-06-26', '0000-00-00 00:00:00', '0000-00-00 00:00:00'),
(582, 6, 2023, 'C036', 150000, 'LS', '2023-06-29', '0000-00-00 00:00:00', '0000-00-00 00:00:00'),
(583, 6, 2023, 'C029', 150000, 'LS', '2023-07-01', '0000-00-00 00:00:00', '0000-00-00 00:00:00'),
(584, 6, 2023, 'C012', 150000, 'LS', '2023-07-01', '0000-00-00 00:00:00', '0000-00-00 00:00:00'),
(585, 6, 2023, 'C030', 150000, 'LS', '2023-07-02', '0000-00-00 00:00:00', '0000-00-00 00:00:00'),
(586, 7, 2023, 'C037', 150000, 'LS', '2023-07-02', '0000-00-00 00:00:00', '0000-00-00 00:00:00'),
(587, 7, 2023, 'C002', 150000, 'LS', '2023-07-09', '0000-00-00 00:00:00', '0000-00-00 00:00:00'),
(588, 7, 2023, 'C034', 150000, 'LS', '2023-07-09', '0000-00-00 00:00:00', '0000-00-00 00:00:00'),
(589, 7, 2023, 'C010', 150000, 'LS', '2023-07-09', '0000-00-00 00:00:00', '0000-00-00 00:00:00'),
(590, 7, 2023, 'C026', 150000, 'LS', '2023-07-14', '0000-00-00 00:00:00', '0000-00-00 00:00:00'),
(591, 7, 2023, 'C027', 150000, 'LS', '2023-07-14', '0000-00-00 00:00:00', '0000-00-00 00:00:00'),
(592, 7, 2023, 'C001', 50000, 'LS', '2023-07-14', '0000-00-00 00:00:00', '0000-00-00 00:00:00'),
(593, 7, 2023, 'C028', 180000, 'LS', '2023-07-14', '0000-00-00 00:00:00', '0000-00-00 00:00:00'),
(594, 7, 2023, 'C022', 150000, 'LS', '2023-07-15', '0000-00-00 00:00:00', '0000-00-00 00:00:00'),
(595, 7, 2023, 'C006', 150000, 'LS', '2023-07-15', '0000-00-00 00:00:00', '0000-00-00 00:00:00'),
(596, 7, 2023, 'C022', 150000, 'LS', '2023-07-19', '0000-00-00 00:00:00', '0000-00-00 00:00:00'),
(597, 7, 2023, 'C025', 150000, 'LS', '2023-07-19', '0000-00-00 00:00:00', '0000-00-00 00:00:00'),
(598, 7, 2023, 'C031', 200000, 'LS', '2023-07-19', '0000-00-00 00:00:00', '0000-00-00 00:00:00'),
(599, 7, 2023, 'C032', 150000, 'LS', '2023-07-21', '0000-00-00 00:00:00', '0000-00-00 00:00:00'),
(600, 7, 2023, 'C005', 150000, 'LS', '2023-07-23', '0000-00-00 00:00:00', '0000-00-00 00:00:00'),
(601, 7, 2023, 'C004', 150000, 'LS', '2023-07-23', '0000-00-00 00:00:00', '0000-00-00 00:00:00'),
(602, 7, 2023, 'C003', 100000, 'LS', '2023-07-23', '0000-00-00 00:00:00', '0000-00-00 00:00:00'),
(603, 7, 2023, 'C029', 150000, 'LS', '2023-07-28', '0000-00-00 00:00:00', '0000-00-00 00:00:00'),
(604, 7, 2023, 'C036', 150000, 'LS', '2023-07-28', '0000-00-00 00:00:00', '0000-00-00 00:00:00'),
(605, 7, 2023, 'C017', 150000, 'LS', '2023-08-01', '0000-00-00 00:00:00', '0000-00-00 00:00:00'),
(606, 7, 2023, 'C009', 150000, 'LS', '2023-08-01', '0000-00-00 00:00:00', '0000-00-00 00:00:00'),
(607, 7, 2023, 'C012', 150000, 'LS', '2023-08-01', '0000-00-00 00:00:00', '0000-00-00 00:00:00'),
(608, 4, 2023, 'C011', 150000, 'LS', '2023-08-02', '0000-00-00 00:00:00', '0000-00-00 00:00:00'),
(609, 7, 2023, 'C030', 150000, 'LS', '2023-08-02', '0000-00-00 00:00:00', '0000-00-00 00:00:00'),
(610, 8, 2023, 'C028', 180000, 'LS', '2023-08-03', '0000-00-00 00:00:00', '0000-00-00 00:00:00'),
(611, 8, 2023, 'C034', 150000, 'LS', '2023-08-03', '0000-00-00 00:00:00', '0000-00-00 00:00:00'),
(612, 7, 2023, 'C015', 150000, 'LS', '2023-08-04', '0000-00-00 00:00:00', '0000-00-00 00:00:00'),
(613, 8, 2023, 'C022', 150000, 'LS', '2023-08-06', '0000-00-00 00:00:00', '0000-00-00 00:00:00'),
(614, 8, 2023, 'C026', 150000, 'LS', '2023-08-08', '0000-00-00 00:00:00', '0000-00-00 00:00:00'),
(615, 8, 2023, 'C010', 150000, 'LS', '2023-08-12', '0000-00-00 00:00:00', '0000-00-00 00:00:00'),
(616, 8, 2023, 'C002', 150000, 'LS', '2023-08-12', '0000-00-00 00:00:00', '0000-00-00 00:00:00'),
(617, 8, 2023, 'C037', 150000, 'LS', '2023-08-12', '0000-00-00 00:00:00', '0000-00-00 00:00:00'),
(618, 8, 2023, 'C006', 150000, 'LS', '2023-08-16', '0000-00-00 00:00:00', '0000-00-00 00:00:00'),
(619, 8, 2023, 'C031', 150000, 'LS', '2023-08-16', '0000-00-00 00:00:00', '0000-00-00 00:00:00'),
(620, 8, 2023, 'C009', 150000, 'LS', '2023-08-21', '0000-00-00 00:00:00', '0000-00-00 00:00:00'),
(621, 8, 2023, 'C020', 150000, 'LS', '2023-08-21', '0000-00-00 00:00:00', '0000-00-00 00:00:00'),
(622, 7, 2023, 'C020', 150000, 'LS', '2023-08-21', '0000-00-00 00:00:00', '0000-00-00 00:00:00'),
(623, 6, 2023, 'C017', 150000, 'LS', '2023-08-21', '0000-00-00 00:00:00', '0000-00-00 00:00:00'),
(624, 7, 2023, 'C017', 150000, 'LS', '2023-08-21', '0000-00-00 00:00:00', '0000-00-00 00:00:00'),
(625, 8, 2023, 'C017', 150000, 'LS', '2023-08-21', '0000-00-00 00:00:00', '0000-00-00 00:00:00'),
(626, 8, 2023, 'C001', 50000, 'LS', '2023-08-21', '0000-00-00 00:00:00', '0000-00-00 00:00:00'),
(627, 8, 2023, 'C004', 150000, 'LS', '2023-08-21', '0000-00-00 00:00:00', '0000-00-00 00:00:00'),
(628, 8, 2023, 'C027', 150000, 'LS', '2023-08-21', '0000-00-00 00:00:00', '0000-00-00 00:00:00'),
(629, 8, 2023, 'C022', 150000, 'LS', '2023-08-21', '0000-00-00 00:00:00', '0000-00-00 00:00:00'),
(630, 8, 2023, 'C025', 150000, 'LS', '2023-08-21', '0000-00-00 00:00:00', '0000-00-00 00:00:00'),
(631, 8, 2023, 'C005', 150000, 'LS', '2023-08-23', '0000-00-00 00:00:00', '0000-00-00 00:00:00'),
(632, 8, 2023, 'C032', 150000, 'LS', '2023-08-27', '0000-00-00 00:00:00', '0000-00-00 00:00:00'),
(633, 8, 2023, 'C036', 150000, 'LS', '2023-09-01', '0000-00-00 00:00:00', '0000-00-00 00:00:00'),
(634, 8, 2023, 'C017', 150000, 'LS', '2023-09-01', '0000-00-00 00:00:00', '0000-00-00 00:00:00'),
(635, 8, 2023, 'C029', 150000, 'LS', '2023-09-01', '0000-00-00 00:00:00', '0000-00-00 00:00:00'),
(636, 6, 2023, 'C008', 150000, 'LS', '2023-09-03', '0000-00-00 00:00:00', '0000-00-00 00:00:00'),
(637, 7, 2023, 'C033', 100000, 'LS', '2023-09-03', '0000-00-00 00:00:00', '0000-00-00 00:00:00'),
(638, 7, 2023, 'C014', 100000, 'LS', '2023-09-03', '0000-00-00 00:00:00', '0000-00-00 00:00:00'),
(639, 8, 2023, 'C033', 100000, 'LS', '2023-09-03', '0000-00-00 00:00:00', '0000-00-00 00:00:00'),
(640, 8, 2023, 'C014', 100000, 'LS', '2023-09-03', '0000-00-00 00:00:00', '0000-00-00 00:00:00'),
(641, 8, 2023, 'C003', 100000, 'LS', '2023-09-03', '0000-00-00 00:00:00', '0000-00-00 00:00:00'),
(642, 9, 2023, 'C003', 100000, 'LS', '2023-09-03', '0000-00-00 00:00:00', '0000-00-00 00:00:00'),
(643, 5, 2023, 'C011', 150000, 'LS', '2023-09-03', '0000-00-00 00:00:00', '0000-00-00 00:00:00'),
(644, 6, 2023, 'C011', 150000, 'LS', '2023-09-05', '0000-00-00 00:00:00', '0000-00-00 00:00:00'),
(645, 8, 2023, 'C012', 150000, 'LS', '2023-09-05', '0000-00-00 00:00:00', '0000-00-00 00:00:00'),
(646, 8, 2023, 'C030', 150000, 'LS', '2023-09-05', '0000-00-00 00:00:00', '0000-00-00 00:00:00'),
(647, 8, 2023, 'C015', 150000, 'LS', '2023-09-05', '0000-00-00 00:00:00', '0000-00-00 00:00:00'),
(648, 9, 2023, 'C015', 150000, 'LS', '2023-09-05', '0000-00-00 00:00:00', '0000-00-00 00:00:00'),
(649, 9, 2023, 'C023', 150000, 'LS', '2023-09-05', '0000-00-00 00:00:00', '0000-00-00 00:00:00'),
(650, 9, 2023, 'C037', 150000, 'LS', '2023-09-05', '0000-00-00 00:00:00', '0000-00-00 00:00:00'),
(651, 9, 2023, 'C002', 150000, 'LS', '2023-09-10', '0000-00-00 00:00:00', '0000-00-00 00:00:00'),
(652, 9, 2023, 'C026', 150000, 'LS', '2023-09-10', '0000-00-00 00:00:00', '0000-00-00 00:00:00'),
(653, 9, 2023, 'C010', 150000, 'LS', '2023-09-10', '0000-00-00 00:00:00', '0000-00-00 00:00:00'),
(654, 9, 2023, 'C034', 150000, 'LS', '2023-09-10', '0000-00-00 00:00:00', '0000-00-00 00:00:00'),
(655, 9, 2023, 'C027', 150000, 'LS', '2023-09-15', '0000-00-00 00:00:00', '0000-00-00 00:00:00'),
(656, 9, 2023, 'C022', 150000, 'LS', '2023-09-15', '0000-00-00 00:00:00', '0000-00-00 00:00:00'),
(657, 9, 2023, 'C022', 150000, 'LS', '2023-09-15', '0000-00-00 00:00:00', '0000-00-00 00:00:00'),
(658, 9, 2023, 'C006', 150000, 'LS', '2023-09-15', '0000-00-00 00:00:00', '0000-00-00 00:00:00'),
(659, 9, 2023, 'C028', 180000, 'LS', '2023-09-15', '0000-00-00 00:00:00', '0000-00-00 00:00:00'),
(660, 9, 2023, 'C031', 150000, 'LS', '2023-09-17', '0000-00-00 00:00:00', '0000-00-00 00:00:00'),
(661, 9, 2023, 'C001', 50000, 'LS', '2023-09-20', '0000-00-00 00:00:00', '0000-00-00 00:00:00'),
(662, 9, 2023, 'C025', 150000, 'LS', '2023-09-20', '0000-00-00 00:00:00', '0000-00-00 00:00:00'),
(663, 9, 2023, 'C009', 150000, 'LS', '2023-09-20', '0000-00-00 00:00:00', '0000-00-00 00:00:00'),
(664, 9, 2023, 'C032', 150000, 'LS', '2023-09-20', '0000-00-00 00:00:00', '0000-00-00 00:00:00'),
(665, 8, 2023, 'C035', 150000, 'LS', '2023-09-20', '0000-00-00 00:00:00', '0000-00-00 00:00:00'),
(666, 9, 2023, 'C035', 150000, 'LS', '2023-09-20', '0000-00-00 00:00:00', '0000-00-00 00:00:00'),
(667, 9, 2023, 'C004', 150000, 'LS', '2023-09-21', '0000-00-00 00:00:00', '0000-00-00 00:00:00'),
(668, 9, 2023, 'C005', 150000, 'LS', '2023-09-21', '0000-00-00 00:00:00', '0000-00-00 00:00:00'),
(669, 9, 2023, 'C036', 150000, 'LS', '2023-09-28', '0000-00-00 00:00:00', '0000-00-00 00:00:00'),
(670, 9, 2023, 'C020', 150000, 'LS', '2023-09-28', '0000-00-00 00:00:00', '0000-00-00 00:00:00'),
(671, 9, 2023, 'C029', 150000, 'LS', '2023-10-01', '0000-00-00 00:00:00', '0000-00-00 00:00:00'),
(672, 10, 2023, 'C034', 150000, 'LS', '2023-10-04', '0000-00-00 00:00:00', '0000-00-00 00:00:00'),
(673, 10, 2023, 'C023', 150000, 'LS', '2023-10-04', '0000-00-00 00:00:00', '0000-00-00 00:00:00'),
(674, 10, 2023, 'C037', 150000, 'LS', '2023-10-04', '0000-00-00 00:00:00', '0000-00-00 00:00:00'),
(675, 10, 2023, 'C015', 150000, 'LS', '2023-10-05', '0000-00-00 00:00:00', '0000-00-00 00:00:00'),
(676, 9, 2023, 'C030', 150000, 'LS', '2023-10-07', '0000-00-00 00:00:00', '0000-00-00 00:00:00'),
(677, 9, 2023, 'C012', 150000, 'LS', '2023-10-07', '0000-00-00 00:00:00', '0000-00-00 00:00:00'),
(678, 10, 2023, 'C028', 180000, 'LS', '2023-10-10', '0000-00-00 00:00:00', '0000-00-00 00:00:00'),
(679, 10, 2023, 'C022', 150000, 'LS', '2023-10-10', '0000-00-00 00:00:00', '0000-00-00 00:00:00'),
(680, 7, 2023, 'C035', 150000, 'LS', '2023-10-10', '0000-00-00 00:00:00', '0000-00-00 00:00:00'),
(681, 10, 2023, 'C006', 150000, 'LS', '2023-10-14', '0000-00-00 00:00:00', '0000-00-00 00:00:00'),
(682, 10, 2023, 'C027', 150000, 'LS', '2023-10-14', '0000-00-00 00:00:00', '0000-00-00 00:00:00'),
(683, 10, 2023, 'C001', 50000, 'LS', '2023-10-14', '0000-00-00 00:00:00', '0000-00-00 00:00:00'),
(684, 10, 2023, 'C002', 150000, 'LS', '2023-10-14', '0000-00-00 00:00:00', '0000-00-00 00:00:00'),
(685, 10, 2023, 'C010', 150000, 'LS', '2023-10-14', '0000-00-00 00:00:00', '0000-00-00 00:00:00'),
(686, 10, 2023, 'C026', 150000, 'LS', '2023-10-14', '0000-00-00 00:00:00', '0000-00-00 00:00:00'),
(687, 9, 2023, 'C017', 150000, 'LS', '2023-10-14', '0000-00-00 00:00:00', '0000-00-00 00:00:00'),
(688, 10, 2023, 'C009', 150000, 'LS', '2023-10-20', '0000-00-00 00:00:00', '0000-00-00 00:00:00'),
(689, 7, 2023, 'C011', 150000, 'LS', '2023-10-20', '0000-00-00 00:00:00', '0000-00-00 00:00:00'),
(690, 7, 2023, 'C008', 150000, 'LS', '2023-10-20', '0000-00-00 00:00:00', '0000-00-00 00:00:00'),
(691, 8, 2023, 'C008', 150000, 'LS', '2023-10-20', '0000-00-00 00:00:00', '0000-00-00 00:00:00'),
(692, 10, 2023, 'C031', 150000, 'LS', '2023-10-20', '0000-00-00 00:00:00', '0000-00-00 00:00:00'),
(693, 10, 2023, 'C032', 150000, 'LS', '2023-10-21', '0000-00-00 00:00:00', '0000-00-00 00:00:00'),
(694, 10, 2023, 'C022', 150000, 'LS', '2023-10-21', '0000-00-00 00:00:00', '0000-00-00 00:00:00'),
(695, 10, 2023, 'C025', 150000, 'LS', '2023-10-21', '0000-00-00 00:00:00', '0000-00-00 00:00:00'),
(696, 10, 2023, 'C039', 150000, 'LS', '2023-10-21', '0000-00-00 00:00:00', '0000-00-00 00:00:00'),
(697, 10, 2023, 'C005', 150000, 'LS', '2023-10-28', '0000-00-00 00:00:00', '0000-00-00 00:00:00'),
(698, 10, 2023, 'C036', 150000, 'LS', '2023-10-28', '0000-00-00 00:00:00', '0000-00-00 00:00:00'),
(699, 10, 2023, 'C017', 150000, 'LS', '2023-10-28', '0000-00-00 00:00:00', '0000-00-00 00:00:00'),
(700, 9, 2023, 'C033', 100000, 'LS', '2023-10-29', '0000-00-00 00:00:00', '0000-00-00 00:00:00'),
(701, 9, 2023, 'C014', 100000, 'LS', '2023-10-29', '0000-00-00 00:00:00', '0000-00-00 00:00:00'),
(702, 10, 2023, 'C029', 150000, 'LS', '2023-10-29', '0000-00-00 00:00:00', '0000-00-00 00:00:00'),
(703, 10, 2023, 'C033', 100000, 'LS', '2023-10-29', '0000-00-00 00:00:00', '0000-00-00 00:00:00'),
(704, 10, 2023, 'C014', 100000, 'LS', '2023-10-29', '0000-00-00 00:00:00', '0000-00-00 00:00:00'),
(705, 10, 2023, 'C004', 150000, 'LS', '2023-10-29', '0000-00-00 00:00:00', '0000-00-00 00:00:00'),
(706, 10, 2023, 'C003', 100000, 'LS', '2023-11-04', '0000-00-00 00:00:00', '0000-00-00 00:00:00'),
(707, 11, 2023, 'C023', 150000, 'LS', '2023-11-04', '0000-00-00 00:00:00', '0000-00-00 00:00:00'),
(708, 11, 2023, 'C015', 150000, 'LS', '2023-11-04', '0000-00-00 00:00:00', '0000-00-00 00:00:00'),
(709, 11, 2023, 'C037', 150000, 'LS', '2023-11-04', '0000-00-00 00:00:00', '0000-00-00 00:00:00'),
(710, 11, 2023, 'C022', 150000, 'LS', '2023-11-05', '0000-00-00 00:00:00', '0000-00-00 00:00:00'),
(711, 11, 2023, 'C028', 180000, 'LS', '2023-11-11', '0000-00-00 00:00:00', '0000-00-00 00:00:00'),
(712, 11, 2023, 'C006', 150000, 'LS', '2023-11-11', '0000-00-00 00:00:00', '0000-00-00 00:00:00'),
(713, 11, 2023, 'C034', 150000, 'LS', '2023-11-11', '0000-00-00 00:00:00', '0000-00-00 00:00:00'),
(714, 11, 2023, 'C023', 150000, 'LS', '2023-11-11', '0000-00-00 00:00:00', '0000-00-00 00:00:00'),
(715, 10, 2023, 'C012', 150000, 'LS', '2023-11-11', '0000-00-00 00:00:00', '0000-00-00 00:00:00'),
(716, 11, 2023, 'C010', 150000, 'LS', '2023-11-12', '0000-00-00 00:00:00', '0000-00-00 00:00:00'),
(717, 11, 2023, 'C025', 150000, 'LS', '2023-11-12', '0000-00-00 00:00:00', '0000-00-00 00:00:00'),
(718, 11, 2023, 'C002', 150000, 'LS', '2023-11-12', '0000-00-00 00:00:00', '0000-00-00 00:00:00'),
(719, 10, 2023, 'C030', 150000, 'LS', '2023-11-12', '0000-00-00 00:00:00', '0000-00-00 00:00:00'),
(720, 11, 2023, 'C026', 150000, 'LS', '2023-11-16', '0000-00-00 00:00:00', '0000-00-00 00:00:00'),
(721, 11, 2023, 'C039', 150000, 'LS', '2023-11-19', '0000-00-00 00:00:00', '0000-00-00 00:00:00'),
(722, 11, 2023, 'C027', 150000, 'LS', '2023-11-19', '0000-00-00 00:00:00', '0000-00-00 00:00:00'),
(723, 11, 2023, 'C004', 150000, 'LS', '2023-11-19', '0000-00-00 00:00:00', '0000-00-00 00:00:00'),
(724, 9, 2023, 'C017', 150000, 'LS', '2023-11-19', '0000-00-00 00:00:00', '0000-00-00 00:00:00'),
(725, 11, 2023, 'C032', 150000, 'LS', '2023-11-19', '0000-00-00 00:00:00', '0000-00-00 00:00:00'),
(726, 10, 2023, 'C020', 150000, 'LS', '2023-11-20', '0000-00-00 00:00:00', '0000-00-00 00:00:00'),
(727, 11, 2023, 'C020', 150000, 'LS', '2023-11-20', '0000-00-00 00:00:00', '0000-00-00 00:00:00'),
(728, 11, 2023, 'C005', 150000, 'LS', '2023-11-20', '0000-00-00 00:00:00', '0000-00-00 00:00:00'),
(729, 11, 2023, 'C009', 150000, 'LS', '2023-11-20', '0000-00-00 00:00:00', '0000-00-00 00:00:00'),
(730, 11, 2023, 'C031', 150000, 'LS', '2023-11-29', '0000-00-00 00:00:00', '0000-00-00 00:00:00'),
(731, 11, 2023, 'C043', 150000, 'LS', '2023-11-29', '0000-00-00 00:00:00', '0000-00-00 00:00:00'),
(732, 11, 2023, 'C001', 50000, 'LS', '2023-12-03', '0000-00-00 00:00:00', '0000-00-00 00:00:00'),
(733, 11, 2023, 'C003', 100000, 'LS', '2023-12-03', '0000-00-00 00:00:00', '0000-00-00 00:00:00'),
(734, 11, 2023, 'C029', 150000, 'LS', '2023-12-03', '0000-00-00 00:00:00', '0000-00-00 00:00:00'),
(735, 11, 2023, 'C012', 150000, 'LS', '2023-12-03', '0000-00-00 00:00:00', '0000-00-00 00:00:00'),
(736, 11, 2023, 'C017', 150000, 'LS', '2023-12-03', '0000-00-00 00:00:00', '0000-00-00 00:00:00'),
(737, 11, 2023, 'C036', 150000, 'LS', '2023-12-03', '0000-00-00 00:00:00', '0000-00-00 00:00:00'),
(738, 11, 2023, 'C022', 150000, 'LS', '2023-12-03', '0000-00-00 00:00:00', '0000-00-00 00:00:00'),
(739, 12, 2023, 'C023', 150000, 'LS', '2023-12-06', '0000-00-00 00:00:00', '0000-00-00 00:00:00'),
(740, 12, 2023, 'C037', 150000, 'LS', '2023-12-06', '0000-00-00 00:00:00', '0000-00-00 00:00:00'),
(741, 12, 2023, 'C004', 150000, 'LS', '2023-12-06', '0000-00-00 00:00:00', '0000-00-00 00:00:00'),
(742, 8, 2023, 'C011', 150000, 'LS', '2023-12-06', '0000-00-00 00:00:00', '0000-00-00 00:00:00'),
(743, 11, 2023, 'C030', 150000, 'LS', '2023-12-06', '0000-00-00 00:00:00', '0000-00-00 00:00:00'),
(744, 9, 2023, 'C008', 150000, 'LS', '2023-12-07', '0000-00-00 00:00:00', '0000-00-00 00:00:00'),
(745, 10, 2023, 'C008', 150000, 'LS', '2023-12-07', '0000-00-00 00:00:00', '0000-00-00 00:00:00'),
(746, 11, 2023, 'C008', 150000, 'LS', '2023-12-07', '0000-00-00 00:00:00', '0000-00-00 00:00:00'),
(747, 12, 2023, 'C028', 180000, 'LS', '2023-12-07', '0000-00-00 00:00:00', '0000-00-00 00:00:00'),
(748, 12, 2023, 'C034', 150000, 'LS', '2023-12-09', '0000-00-00 00:00:00', '0000-00-00 00:00:00'),
(749, 12, 2023, 'C001', 50000, 'LS', '2023-12-09', '0000-00-00 00:00:00', '0000-00-00 00:00:00'),
(750, 12, 2023, 'C002', 150000, 'LS', '2023-12-09', '0000-00-00 00:00:00', '0000-00-00 00:00:00'),
(751, 12, 2023, 'C010', 150000, 'LS', '2023-12-09', '0000-00-00 00:00:00', '0000-00-00 00:00:00'),
(752, 12, 2023, 'C023', 150000, 'LS', '2023-12-13', '0000-00-00 00:00:00', '0000-00-00 00:00:00'),
(753, 12, 2023, 'C026', 150000, 'LS', '2023-12-14', '0000-00-00 00:00:00', '0000-00-00 00:00:00'),
(754, 12, 2023, 'C006', 150000, 'LS', '2023-12-15', '0000-00-00 00:00:00', '0000-00-00 00:00:00'),
(755, 12, 2023, 'C025', 150000, 'LS', '2023-12-16', '0000-00-00 00:00:00', '0000-00-00 00:00:00'),
(756, 12, 2023, 'C022', 150000, 'LS', '2023-12-16', '0000-00-00 00:00:00', '0000-00-00 00:00:00'),
(757, 12, 2023, 'C005', 150000, 'LS', '2023-12-22', '0000-00-00 00:00:00', '0000-00-00 00:00:00'),
(758, 12, 2023, 'C039', 150000, 'LS', '2023-12-25', '0000-00-00 00:00:00', '0000-00-00 00:00:00'),
(759, 12, 2023, 'C032', 150000, 'LS', '2023-12-25', '0000-00-00 00:00:00', '0000-00-00 00:00:00'),
(760, 12, 2023, 'C027', 150000, 'LS', '2023-12-25', '0000-00-00 00:00:00', '0000-00-00 00:00:00'),
(761, 12, 2023, 'C009', 150000, 'LS', '2023-12-25', '0000-00-00 00:00:00', '0000-00-00 00:00:00'),
(762, 12, 2023, 'C043', 150000, 'LS', '2023-12-25', '0000-00-00 00:00:00', '0000-00-00 00:00:00'),
(763, 12, 2023, 'C031', 150000, 'LS', '2023-12-25', '0000-00-00 00:00:00', '0000-00-00 00:00:00'),
(764, 12, 2023, 'C036', 150000, 'LS', '2023-12-31', '0000-00-00 00:00:00', '0000-00-00 00:00:00'),
(765, 12, 2023, 'C017', 150000, 'LS', '2023-12-31', '0000-00-00 00:00:00', '0000-00-00 00:00:00'),
(766, 12, 2023, 'C029', 150000, 'LS', '2024-01-01', '0000-00-00 00:00:00', '0000-00-00 00:00:00'),
(767, 12, 2023, 'C022', 150000, 'LS', '2024-01-01', '0000-00-00 00:00:00', '0000-00-00 00:00:00'),
(768, 9, 2023, 'C011', 150000, 'LS', '2024-01-01', '0000-00-00 00:00:00', '0000-00-00 00:00:00'),
(769, 12, 2023, 'C012', 150000, 'LS', '2024-01-06', '0000-00-00 00:00:00', '0000-00-00 00:00:00'),
(770, 12, 2023, 'C015', 150000, 'LS', '2024-01-06', '0000-00-00 00:00:00', '0000-00-00 00:00:00'),
(771, 10, 2023, 'C011', 150000, 'LS', '2024-01-06', '0000-00-00 00:00:00', '0000-00-00 00:00:00'),
(772, 1, 2024, 'C034', 150000, 'LS', '2024-01-07', '0000-00-00 00:00:00', '0000-00-00 00:00:00'),
(773, 1, 2024, 'C028', 180000, 'LS', '2024-01-07', '0000-00-00 00:00:00', '0000-00-00 00:00:00'),
(774, 1, 2024, 'C040', 150000, 'LS', '2024-01-07', '0000-00-00 00:00:00', '0000-00-00 00:00:00'),
(775, 1, 2024, 'C037', 150000, 'LS', '2024-01-07', '0000-00-00 00:00:00', '0000-00-00 00:00:00'),
(776, 1, 2024, 'C023', 150000, 'LS', '2024-01-07', '0000-00-00 00:00:00', '0000-00-00 00:00:00'),
(777, 1, 2024, 'C015', 150000, 'LS', '2024-01-07', '0000-00-00 00:00:00', '0000-00-00 00:00:00'),
(778, 11, 2023, 'C033', 100000, 'LS', '2024-01-08', '0000-00-00 00:00:00', '0000-00-00 00:00:00'),
(779, 11, 2023, 'C014', 100000, 'LS', '2024-01-08', '0000-00-00 00:00:00', '0000-00-00 00:00:00'),
(780, 12, 2023, 'C033', 100000, 'LS', '2024-01-08', '0000-00-00 00:00:00', '0000-00-00 00:00:00'),
(781, 12, 2023, 'C014', 100000, 'LS', '2024-01-08', '0000-00-00 00:00:00', '0000-00-00 00:00:00'),
(782, 12, 2023, 'C030', 150000, 'LS', '2024-01-08', '0000-00-00 00:00:00', '0000-00-00 00:00:00'),
(783, 12, 2023, 'C003', 100000, 'LS', '2024-01-11', '0000-00-00 00:00:00', '0000-00-00 00:00:00'),
(784, 1, 2024, 'C002', 150000, 'LS', '2024-01-13', '0000-00-00 00:00:00', '0000-00-00 00:00:00'),
(785, 1, 2024, 'C023', 150000, 'LS', '2024-01-13', '0000-00-00 00:00:00', '0000-00-00 00:00:00'),
(786, 1, 2024, 'C010', 150000, 'LS', '2024-01-13', '0000-00-00 00:00:00', '0000-00-00 00:00:00'),
(787, 1, 2024, 'C001', 50000, 'LS', '2024-01-13', '0000-00-00 00:00:00', '0000-00-00 00:00:00'),
(788, 1, 2024, 'C026', 150000, 'LS', '2024-01-13', '0000-00-00 00:00:00', '0000-00-00 00:00:00'),
(789, 1, 2024, 'C022', 150000, 'LS', '2024-01-13', '0000-00-00 00:00:00', '0000-00-00 00:00:00'),
(790, 1, 2024, 'C009', 150000, 'LS', '2024-01-19', '0000-00-00 00:00:00', '0000-00-00 00:00:00'),
(791, 1, 2024, 'C022', 150000, 'LS', '2024-01-19', '0000-00-00 00:00:00', '0000-00-00 00:00:00'),
(792, 1, 2024, 'C025', 150000, 'LS', '2024-01-19', '0000-00-00 00:00:00', '0000-00-00 00:00:00'),
(793, 11, 2023, 'C011', 150000, 'LS', '2024-01-20', '0000-00-00 00:00:00', '0000-00-00 00:00:00'),
(794, 12, 2023, 'C020', 150000, 'LS', '2024-01-20', '0000-00-00 00:00:00', '0000-00-00 00:00:00'),
(795, 1, 2024, 'C020', 150000, 'LS', '2024-01-20', '0000-00-00 00:00:00', '0000-00-00 00:00:00'),
(796, 1, 2024, 'C006', 150000, 'LS', '2024-01-20', '0000-00-00 00:00:00', '0000-00-00 00:00:00'),
(797, 1, 2024, 'C005', 150000, 'LS', '2024-01-21', '0000-00-00 00:00:00', '0000-00-00 00:00:00'),
(798, 1, 2024, 'C004', 150000, 'LS', '2024-01-21', '0000-00-00 00:00:00', '0000-00-00 00:00:00'),
(799, 1, 2024, 'C039', 150000, 'LS', '2024-02-08', '0000-00-00 00:00:00', '0000-00-00 00:00:00'),
(800, 1, 2024, 'C043', 150000, 'LS', '2024-02-08', '0000-00-00 00:00:00', '0000-00-00 00:00:00'),
(801, 1, 2024, 'C032', 150000, 'LS', '2024-02-08', '0000-00-00 00:00:00', '0000-00-00 00:00:00'),
(802, 1, 2024, 'C030', 150000, 'LS', '2024-02-08', '0000-00-00 00:00:00', '0000-00-00 00:00:00'),
(803, 1, 2024, 'C003', 100000, 'LS', '2024-02-08', '0000-00-00 00:00:00', '0000-00-00 00:00:00'),
(804, 1, 2024, 'C012', 150000, 'LS', '2024-02-08', '0000-00-00 00:00:00', '0000-00-00 00:00:00'),
(805, 1, 2024, 'C036', 150000, 'LS', '2024-02-08', '0000-00-00 00:00:00', '0000-00-00 00:00:00'),
(806, 1, 2024, 'C033', 100000, 'LS', '2024-02-08', '0000-00-00 00:00:00', '0000-00-00 00:00:00'),
(807, 1, 2024, 'C014', 100000, 'LS', '2024-02-08', '0000-00-00 00:00:00', '0000-00-00 00:00:00'),
(808, 1, 2024, 'C017', 150000, 'LS', '2024-02-08', '0000-00-00 00:00:00', '0000-00-00 00:00:00'),
(809, 1, 2024, 'C031', 150000, 'LS', '2024-02-08', '0000-00-00 00:00:00', '0000-00-00 00:00:00'),
(810, 1, 2024, 'C029', 150000, 'LS', '2024-02-08', '0000-00-00 00:00:00', '0000-00-00 00:00:00'),
(811, 1, 2024, 'C027', 150000, 'LS', '2024-02-08', '0000-00-00 00:00:00', '0000-00-00 00:00:00'),
(813, 10, 2023, 'C008', 150000, 'LS', '2024-02-10', '0000-00-00 00:00:00', '0000-00-00 00:00:00'),
(814, 11, 2023, 'C008', 150000, 'LS', '2024-02-10', '0000-00-00 00:00:00', '0000-00-00 00:00:00'),
(816, 12, 2023, 'C008', 150000, 'LS', '2024-02-22', '0000-00-00 00:00:00', '0000-00-00 00:00:00'),
(817, 1, 2024, 'C008', 150000, 'LS', '2024-02-22', '0000-00-00 00:00:00', '0000-00-00 00:00:00'),
(818, 12, 2023, 'C011', 150000, 'LS', '2024-02-16', '0000-00-00 00:00:00', '0000-00-00 00:00:00'),
(819, 1, 2024, 'C011', 150000, 'BL', '0000-00-00', '0000-00-00 00:00:00', '0000-00-00 00:00:00'),
(820, 2, 2024, 'C001', 50000, 'LS', '2024-02-10', '0000-00-00 00:00:00', '0000-00-00 00:00:00'),
(821, 2, 2024, 'C002', 150000, 'LS', '2024-02-10', '0000-00-00 00:00:00', '0000-00-00 00:00:00'),
(822, 2, 2024, 'C003', 100000, 'BL', '0000-00-00', '0000-00-00 00:00:00', '0000-00-00 00:00:00'),
(823, 2, 2024, 'C004', 150000, 'LS', '2024-02-19', '0000-00-00 00:00:00', '0000-00-00 00:00:00'),
(824, 2, 2024, 'C005', 150000, 'LS', '2024-02-21', '0000-00-00 00:00:00', '0000-00-00 00:00:00'),
(825, 2, 2024, 'C006', 150000, 'LS', '2024-02-14', '0000-00-00 00:00:00', '0000-00-00 00:00:00'),
(826, 2, 2024, 'C008', 150000, 'BL', '0000-00-00', '0000-00-00 00:00:00', '0000-00-00 00:00:00'),
(827, 2, 2024, 'C009', 150000, 'LS', '2024-02-09', '0000-00-00 00:00:00', '0000-00-00 00:00:00'),
(828, 2, 2024, 'C010', 150000, 'LS', '2024-02-09', '0000-00-00 00:00:00', '0000-00-00 00:00:00'),
(829, 2, 2024, 'C011', 150000, 'BL', '0000-00-00', '0000-00-00 00:00:00', '0000-00-00 00:00:00'),
(830, 2, 2024, 'C012', 150000, 'BL', '0000-00-00', '0000-00-00 00:00:00', '0000-00-00 00:00:00'),
(831, 2, 2024, 'C014', 150000, 'BL', '0000-00-00', '0000-00-00 00:00:00', '0000-00-00 00:00:00'),
(832, 2, 2024, 'C015', 150000, 'LS', '2024-03-03', '0000-00-00 00:00:00', '2024-03-02 22:50:06'),
(833, 2, 2024, 'C017', 150000, 'LS', '2024-03-04', '0000-00-00 00:00:00', '2024-03-03 17:34:54'),
(834, 2, 2024, 'C018', 150000, 'BL', '0000-00-00', '0000-00-00 00:00:00', '0000-00-00 00:00:00'),
(835, 2, 2024, 'C020', 150000, 'BL', '0000-00-00', '0000-00-00 00:00:00', '0000-00-00 00:00:00'),
(836, 2, 2024, 'C021', 150000, 'LS', '2024-02-15', '0000-00-00 00:00:00', '0000-00-00 00:00:00'),
(837, 2, 2024, 'C022', 150000, 'LS', '2024-02-12', '0000-00-00 00:00:00', '0000-00-00 00:00:00'),
(838, 2, 2024, 'C023', 150000, 'LS', '2024-02-22', '0000-00-00 00:00:00', '0000-00-00 00:00:00'),
(839, 2, 2024, 'C025', 150000, 'LS', '2024-02-12', '0000-00-00 00:00:00', '0000-00-00 00:00:00'),
(840, 2, 2024, 'C026', 150000, 'LS', '2024-02-06', '0000-00-00 00:00:00', '0000-00-00 00:00:00'),
(841, 2, 2024, 'C027', 150000, 'LS', '2024-02-13', '0000-00-00 00:00:00', '0000-00-00 00:00:00'),
(842, 2, 2024, 'C028', 150000, 'LS', '2024-02-28', '0000-00-00 00:00:00', '0000-00-00 00:00:00'),
(843, 2, 2024, 'C029', 150000, 'LS', '2024-02-29', '0000-00-00 00:00:00', '0000-00-00 00:00:00'),
(844, 2, 2024, 'C030', 150000, 'LS', '2024-02-23', '0000-00-00 00:00:00', '0000-00-00 00:00:00'),
(845, 2, 2024, 'C031', 150000, 'LS', '2024-02-22', '0000-00-00 00:00:00', '0000-00-00 00:00:00'),
(846, 2, 2024, 'C032', 150000, 'LS', '2024-02-26', '0000-00-00 00:00:00', '0000-00-00 00:00:00'),
(847, 2, 2024, 'C033', 150000, 'BL', '0000-00-00', '0000-00-00 00:00:00', '0000-00-00 00:00:00'),
(848, 2, 2024, 'C034', 150000, 'LS', '2024-02-05', '0000-00-00 00:00:00', '0000-00-00 00:00:00'),
(849, 2, 2024, 'C036', 150000, 'LS', '2024-02-28', '0000-00-00 00:00:00', '0000-00-00 00:00:00'),
(850, 2, 2024, 'C037', 150000, 'LS', '2024-02-02', '0000-00-00 00:00:00', '0000-00-00 00:00:00'),
(851, 2, 2024, 'C038', 150000, 'LS', '2024-02-02', '0000-00-00 00:00:00', '0000-00-00 00:00:00'),
(852, 2, 2024, 'C039', 150000, 'LS', '2024-02-16', '0000-00-00 00:00:00', '0000-00-00 00:00:00'),
(853, 2, 2024, 'C040', 150000, 'LS', '2024-02-01', '0000-00-00 00:00:00', '0000-00-00 00:00:00'),
(854, 2, 2024, 'C043', 150000, 'LS', '2024-02-25', '0000-00-00 00:00:00', '0000-00-00 00:00:00'),
(855, 2, 2024, 'C044', 150000, 'LS', '2024-02-20', '0000-00-00 00:00:00', '0000-00-00 00:00:00'),
(894, 12, 2023, 'C018', 150000, 'BL', '0000-00-00', '0000-00-00 00:00:00', '0000-00-00 00:00:00'),
(895, 1, 2024, 'C018', 150000, 'BL', '0000-00-00', '0000-00-00 00:00:00', '0000-00-00 00:00:00'),
(934, 3, 2024, 'C001', 50000, 'BL', NULL, '2024-03-02 23:19:37', '2024-03-02 23:19:37'),
(935, 3, 2024, 'C002', 150000, 'BL', NULL, '2024-03-02 23:19:37', '2024-03-02 23:19:37'),
(936, 3, 2024, 'C003', 100000, 'BL', NULL, '2024-03-02 23:19:37', '2024-03-02 23:19:37'),
(937, 3, 2024, 'C004', 150000, 'BL', NULL, '2024-03-02 23:19:37', '2024-03-02 23:19:37'),
(938, 3, 2024, 'C005', 150000, 'BL', NULL, '2024-03-02 23:19:37', '2024-03-02 23:19:37'),
(939, 3, 2024, 'C006', 200000, 'BL', NULL, '2024-03-02 23:19:37', '2024-03-02 23:19:37'),
(940, 3, 2024, 'C008', 150000, 'BL', NULL, '2024-03-02 23:19:37', '2024-03-02 23:19:37'),
(941, 3, 2024, 'C009', 150000, 'BL', NULL, '2024-03-02 23:19:37', '2024-03-02 23:19:37'),
(942, 3, 2024, 'C010', 150000, 'BL', NULL, '2024-03-02 23:19:37', '2024-03-02 23:19:37'),
(943, 3, 2024, 'C011', 150000, 'BL', NULL, '2024-03-02 23:19:37', '2024-03-02 23:19:37'),
(944, 3, 2024, 'C012', 150000, 'BL', NULL, '2024-03-02 23:19:37', '2024-03-02 23:19:37'),
(945, 3, 2024, 'C014', 100000, 'BL', NULL, '2024-03-02 23:19:37', '2024-03-02 23:19:37'),
(946, 3, 2024, 'C015', 180000, 'LS', '2024-03-03', '2024-03-02 23:19:37', '2024-03-03 00:48:56'),
(947, 3, 2024, 'C017', 150000, 'BL', NULL, '2024-03-02 23:19:37', '2024-03-02 23:19:37'),
(948, 3, 2024, 'C018', 150000, 'BL', NULL, '2024-03-02 23:19:37', '2024-03-02 23:19:37'),
(949, 3, 2024, 'C020', 150000, 'BL', NULL, '2024-03-02 23:19:37', '2024-03-02 23:19:37'),
(950, 3, 2024, 'C021', 150000, 'BL', NULL, '2024-03-02 23:19:37', '2024-03-02 23:19:37'),
(951, 3, 2024, 'C022', 150000, 'BL', NULL, '2024-03-02 23:19:37', '2024-03-02 23:19:37'),
(952, 3, 2024, 'C023', 150000, 'BL', NULL, '2024-03-02 23:19:37', '2024-03-02 23:19:37'),
(953, 3, 2024, 'C025', 150000, 'BL', NULL, '2024-03-02 23:19:37', '2024-03-02 23:19:37'),
(954, 3, 2024, 'C026', 150000, 'BL', NULL, '2024-03-02 23:19:37', '2024-03-02 23:19:37'),
(955, 3, 2024, 'C027', 150000, 'BL', NULL, '2024-03-02 23:19:37', '2024-03-02 23:19:37'),
(956, 3, 2024, 'C028', 180000, 'LS', '2024-03-04', '2024-03-02 23:19:37', '2024-03-03 17:35:40'),
(957, 3, 2024, 'C029', 150000, 'BL', NULL, '2024-03-02 23:19:37', '2024-03-02 23:19:37'),
(958, 3, 2024, 'C030', 150000, 'BL', NULL, '2024-03-02 23:19:37', '2024-03-02 23:19:37'),
(959, 3, 2024, 'C031', 150000, 'BL', NULL, '2024-03-02 23:19:37', '2024-03-02 23:19:37'),
(960, 3, 2024, 'C032', 150000, 'BL', NULL, '2024-03-02 23:19:37', '2024-03-02 23:19:37'),
(961, 3, 2024, 'C033', 100000, 'BL', NULL, '2024-03-02 23:19:37', '2024-03-02 23:19:37'),
(962, 3, 2024, 'C034', 150000, 'BL', NULL, '2024-03-02 23:19:37', '2024-03-02 23:19:37'),
(963, 3, 2024, 'C036', 150000, 'BL', NULL, '2024-03-02 23:19:37', '2024-03-02 23:19:37'),
(964, 3, 2024, 'C037', 150000, 'BL', NULL, '2024-03-02 23:19:37', '2024-03-02 23:19:37'),
(965, 3, 2024, 'C038', 150000, 'BL', NULL, '2024-03-02 23:19:37', '2024-03-02 23:19:37'),
(966, 3, 2024, 'C039', 150000, 'BL', NULL, '2024-03-02 23:19:37', '2024-03-02 23:19:37'),
(967, 3, 2024, 'C040', 150000, 'BL', NULL, '2024-03-02 23:19:37', '2024-03-02 23:19:37'),
(968, 3, 2024, 'C041', 150000, 'BL', NULL, '2024-03-02 23:19:37', '2024-03-02 23:19:37'),
(969, 3, 2024, 'C042', 150000, 'BL', NULL, '2024-03-02 23:19:37', '2024-03-02 23:19:37'),
(970, 3, 2024, 'C043', 150000, 'BL', NULL, '2024-03-02 23:19:37', '2024-03-02 23:19:37'),
(971, 3, 2024, 'C044', 150000, 'BL', NULL, '2024-03-02 23:19:37', '2024-03-02 23:19:37');

-- --------------------------------------------------------

--
-- Struktur dari tabel `users`
--

CREATE TABLE `users` (
  `id` bigint(20) UNSIGNED NOT NULL,
  `nama` varchar(255) COLLATE utf8mb4_unicode_ci NOT NULL,
  `email` varchar(255) COLLATE utf8mb4_unicode_ci NOT NULL,
  `password` varchar(255) COLLATE utf8mb4_unicode_ci NOT NULL,
  `level` varchar(255) COLLATE utf8mb4_unicode_ci NOT NULL,
  `created_at` timestamp NULL DEFAULT NULL,
  `updated_at` timestamp NULL DEFAULT NULL,
  `remember_token` varchar(100) COLLATE utf8mb4_unicode_ci DEFAULT NULL
) ENGINE=InnoDB DEFAULT CHARSET=utf8mb4 COLLATE=utf8mb4_unicode_ci;

--
-- Dumping data untuk tabel `users`
--

INSERT INTO `users` (`id`, `nama`, `email`, `password`, `level`, `created_at`, `updated_at`, `remember_token`) VALUES
(1, 'Taufiq Aziz', 'azizt91@gmail.com', '$2y$10$7P3rVDtJxZAcqPYVlpZW7eMpl7m/0t7eJ84/qUQpd0LU3wa560fNO', 'Admin', '2023-06-18 00:50:03', '2023-06-18 00:50:03', 'A8YFE7M10xwl2ueixQs4xJacqND4h4YZntA8V17ShZuhz0ietChNoDuJwnHX'),
(2, 'Fiki Riyani', 'fikiriyani@gmail.com', '$2y$10$.JN.uyhTouDm3zq1BdZ4/ez8GrPRbp5oXhHSecE09LDjhiRQjOiK.', 'Admin', '2024-02-03 23:33:30', '2024-02-04 00:25:58', NULL);

--
-- Indexes for dumped tables
--

--
-- Indeks untuk tabel `activity_logs`
--
ALTER TABLE `activity_logs`
  ADD PRIMARY KEY (`id`),
  ADD KEY `activity_logs_user_id_foreign` (`user_id`);

--
-- Indeks untuk tabel `bulan`
--
ALTER TABLE `bulan`
  ADD PRIMARY KEY (`id`);

--
-- Indeks untuk tabel `migrations`
--
ALTER TABLE `migrations`
  ADD PRIMARY KEY (`id`);

--
-- Indeks untuk tabel `paket`
--
ALTER TABLE `paket`
  ADD PRIMARY KEY (`id_paket`);

--
-- Indeks untuk tabel `pelanggan`
--
ALTER TABLE `pelanggan`
  ADD PRIMARY KEY (`id_pelanggan`),
  ADD KEY `pelanggan_id_paket_foreign` (`id_paket`);

--
-- Indeks untuk tabel `personal_access_tokens`
--
ALTER TABLE `personal_access_tokens`
  ADD PRIMARY KEY (`id`),
  ADD UNIQUE KEY `personal_access_tokens_token_unique` (`token`),
  ADD KEY `personal_access_tokens_tokenable_type_tokenable_id_index` (`tokenable_type`,`tokenable_id`);

--
-- Indeks untuk tabel `tagihan`
--
ALTER TABLE `tagihan`
  ADD PRIMARY KEY (`id`),
  ADD KEY `tagihan_bulan_foreign` (`bulan`),
  ADD KEY `tagihan_id_pelanggan_foreign` (`id_pelanggan`);

--
-- Indeks untuk tabel `users`
--
ALTER TABLE `users`
  ADD PRIMARY KEY (`id`);

--
-- AUTO_INCREMENT untuk tabel yang dibuang
--

--
-- AUTO_INCREMENT untuk tabel `activity_logs`
--
ALTER TABLE `activity_logs`
  MODIFY `id` bigint(20) UNSIGNED NOT NULL AUTO_INCREMENT;

--
-- AUTO_INCREMENT untuk tabel `bulan`
--
ALTER TABLE `bulan`
  MODIFY `id` bigint(20) UNSIGNED NOT NULL AUTO_INCREMENT, AUTO_INCREMENT=13;

--
-- AUTO_INCREMENT untuk tabel `migrations`
--
ALTER TABLE `migrations`
  MODIFY `id` int(10) UNSIGNED NOT NULL AUTO_INCREMENT, AUTO_INCREMENT=49;

--
-- AUTO_INCREMENT untuk tabel `personal_access_tokens`
--
ALTER TABLE `personal_access_tokens`
  MODIFY `id` bigint(20) UNSIGNED NOT NULL AUTO_INCREMENT;

--
-- AUTO_INCREMENT untuk tabel `tagihan`
--
ALTER TABLE `tagihan`
  MODIFY `id` bigint(20) UNSIGNED NOT NULL AUTO_INCREMENT, AUTO_INCREMENT=972;

--
-- AUTO_INCREMENT untuk tabel `users`
--
ALTER TABLE `users`
  MODIFY `id` bigint(20) UNSIGNED NOT NULL AUTO_INCREMENT, AUTO_INCREMENT=3;

--
-- Ketidakleluasaan untuk tabel pelimpahan (Dumped Tables)
--

--
-- Ketidakleluasaan untuk tabel `activity_logs`
--
ALTER TABLE `activity_logs`
  ADD CONSTRAINT `activity_logs_user_id_foreign` FOREIGN KEY (`user_id`) REFERENCES `users` (`id`) ON DELETE CASCADE;

--
-- Ketidakleluasaan untuk tabel `pelanggan`
--
ALTER TABLE `pelanggan`
  ADD CONSTRAINT `pelanggan_id_paket_foreign` FOREIGN KEY (`id_paket`) REFERENCES `paket` (`id_paket`);

--
-- Ketidakleluasaan untuk tabel `tagihan`
--
ALTER TABLE `tagihan`
  ADD CONSTRAINT `tagihan_bulan_foreign` FOREIGN KEY (`bulan`) REFERENCES `bulan` (`id`),
  ADD CONSTRAINT `tagihan_id_pelanggan_foreign` FOREIGN KEY (`id_pelanggan`) REFERENCES `pelanggan` (`id_pelanggan`);
COMMIT;

/*!40101 SET CHARACTER_SET_CLIENT=@OLD_CHARACTER_SET_CLIENT */;
/*!40101 SET CHARACTER_SET_RESULTS=@OLD_CHARACTER_SET_RESULTS */;
/*!40101 SET COLLATION_CONNECTION=@OLD_COLLATION_CONNECTION */;
